# Blender 4.4.1
# www.blender.org
mtllib titleFont.mtl
o テキスト.001
v -10.526468 -0.568564 -0.678863
v -10.526643 -0.871155 -0.668626
v -9.266714 -0.871155 -0.647164
v -9.267777 -0.879729 -0.646892
v -9.281265 -0.935420 -0.645237
v -9.300278 -0.984773 -0.643891
v -9.324651 -1.028152 -0.642838
v -9.354421 -1.066043 -0.642063
v -9.389867 -1.098915 -0.641554
v -9.431445 -1.127059 -0.641310
v -9.479627 -1.150519 -0.641337
v -9.534765 -1.169150 -0.641646
v -9.597047 -1.182719 -0.642247
v -9.666529 -1.190996 -0.643151
v -9.743526 -1.193805 -0.644367
v -9.793953 -1.192801 -0.645260
v -9.843649 -1.189769 -0.646209
v -9.892197 -1.184729 -0.647207
v -9.939605 -1.177687 -0.648253
v -9.985888 -1.168652 -0.649347
v -10.031057 -1.157629 -0.650489
v -10.075129 -1.144622 -0.651680
v -10.118119 -1.129633 -0.652920
v -10.160047 -1.112661 -0.654208
v -10.200928 -1.093702 -0.655546
v -10.240778 -1.072750 -0.656934
v -10.356086 -1.004602 -0.661205
v -10.356402 -1.555144 -0.642579
v -10.281628 -1.592558 -0.640039
v -10.231036 -1.614597 -0.638431
v -10.178273 -1.634471 -0.636860
v -10.123352 -1.652193 -0.635325
v -10.066284 -1.667778 -0.633825
v -10.007076 -1.681244 -0.632361
v -9.945730 -1.692604 -0.630931
v -9.882249 -1.701873 -0.629536
v -9.816629 -1.709064 -0.628175
v -9.748871 -1.714188 -0.626848
v -9.678970 -1.717256 -0.625553
v -9.606673 -1.718280 -0.624287
v -9.527583 -1.716419 -0.623003
v -9.451027 -1.710801 -0.621889
v -9.377221 -1.701404 -0.620950
v -9.306175 -1.688198 -0.620186
v -9.237906 -1.671151 -0.619601
v -9.172448 -1.650236 -0.619193
v -9.109838 -1.625432 -0.618966
v -9.050121 -1.596723 -0.618921
v -8.993361 -1.564108 -0.619057
v -8.939612 -1.527600 -0.619377
v -8.888935 -1.487225 -0.619881
v -8.841387 -1.443025 -0.620566
v -8.797317 -1.395403 -0.621427
v -8.757064 -1.344738 -0.622456
v -8.720659 -1.291065 -0.623652
v -8.688128 -1.234443 -0.625015
v -8.659482 -1.174929 -0.626541
v -8.634723 -1.112578 -0.628229
v -8.613837 -1.047439 -0.630078
v -8.596804 -0.979552 -0.632085
v -8.583594 -0.908945 -0.634249
v -8.574183 -0.835639 -0.636570
v -8.568538 -0.759645 -0.639045
v -8.566630 -0.680921 -0.641677
v -8.568595 -0.599275 -0.644473
v -8.574599 -0.520251 -0.647250
v -8.584672 -0.443861 -0.650007
v -8.598841 -0.370121 -0.652744
v -8.617130 -0.299055 -0.655460
v -8.639565 -0.230697 -0.658156
v -8.666158 -0.165090 -0.660829
v -8.696915 -0.102283 -0.663478
v -8.731830 -0.042328 -0.666102
v -8.770884 0.014721 -0.668698
v -8.814044 0.068814 -0.671264
v -8.861195 0.119826 -0.673793
v -8.911191 0.167161 -0.676247
v -8.963099 0.210407 -0.678594
v -9.017014 0.249623 -0.680840
v -9.072910 0.284771 -0.682981
v -9.130759 0.315818 -0.685018
v -9.190520 0.342734 -0.686946
v -9.252148 0.365499 -0.688767
v -9.315594 0.384103 -0.690477
v -9.380812 0.398547 -0.692077
v -9.447759 0.408840 -0.693565
v -9.516397 0.414998 -0.694943
v -9.586622 0.417043 -0.696208
v -9.658758 0.415225 -0.697375
v -9.728288 0.409757 -0.698375
v -9.795328 0.400605 -0.699207
v -9.859859 0.387734 -0.699871
v -9.921856 0.371114 -0.700364
v -9.981281 0.350717 -0.700686
v -10.038081 0.326523 -0.700835
v -10.092201 0.298525 -0.700809
v -10.143573 0.266731 -0.700608
v -10.192136 0.231166 -0.700232
v -10.237828 0.191868 -0.699681
v -10.280566 0.148926 -0.698955
v -10.320056 0.102905 -0.698071
v -10.356082 0.054271 -0.697038
v -10.388658 0.003017 -0.695859
v -10.417763 -0.050808 -0.694533
v -10.443389 -0.107154 -0.693063
v -10.465541 -0.165974 -0.691449
v -10.484228 -0.227227 -0.689695
v -10.499471 -0.290881 -0.687800
v -10.511292 -0.356910 -0.685767
v -10.519719 -0.425297 -0.683596
v -10.524773 -0.496033 -0.681289
v -9.264103 -0.403560 -0.662944
v -9.869091 -0.403560 -0.673249
v -9.868631 -0.390693 -0.673677
v -9.862070 -0.334228 -0.675476
v -9.851399 -0.284268 -0.676985
v -9.836885 -0.240796 -0.678209
v -9.818820 -0.203641 -0.679159
v -9.797424 -0.172428 -0.679850
v -9.772698 -0.146597 -0.680303
v -9.744314 -0.125567 -0.680532
v -9.711689 -0.108975 -0.680537
v -9.674204 -0.096790 -0.680311
v -9.631413 -0.089239 -0.679838
v -9.582748 -0.086625 -0.679097
v -9.563015 -0.087314 -0.678738
v -9.543444 -0.089412 -0.678334
v -9.524465 -0.092883 -0.677893
v -9.506018 -0.097723 -0.677415
v -9.488037 -0.103939 -0.676898
v -9.470464 -0.111557 -0.676341
v -9.453242 -0.120611 -0.675741
v -9.436335 -0.131147 -0.675097
v -9.419709 -0.143214 -0.674405
v -9.403357 -0.156860 -0.673665
v -9.387276 -0.172130 -0.672874
v -9.371450 -0.189088 -0.672031
v -9.356233 -0.207316 -0.671155
v -9.342018 -0.226309 -0.670270
v -9.328835 -0.246037 -0.669378
v -9.316670 -0.266518 -0.668477
v -9.305516 -0.287776 -0.667568
v -9.295365 -0.309829 -0.666649
v -9.286222 -0.332697 -0.665719
v -9.278085 -0.356401 -0.664778
v -9.270961 -0.380957 -0.663826
v -9.264855 -0.406379 -0.662861
v -9.259780 -0.432681 -0.661885
v -7.844225 -0.431810 -0.637802
v -7.844940 -1.670894 -0.595882
v -7.147738 -1.670894 -0.584006
v -7.147088 -0.543378 -0.622151
v -7.144888 -0.473878 -0.624466
v -7.138531 -0.411950 -0.626453
v -7.128160 -0.356968 -0.628137
v -7.114011 -0.308978 -0.629520
v -7.096383 -0.267919 -0.630610
v -7.075580 -0.233546 -0.631419
v -7.051775 -0.205378 -0.631966
v -7.024842 -0.182774 -0.632272
v -6.994286 -0.165173 -0.632348
v -6.959404 -0.152331 -0.632188
v -6.919572 -0.144368 -0.631779
v -6.873833 -0.141585 -0.631094
v -6.852328 -0.142284 -0.630704
v -6.831012 -0.144425 -0.630269
v -6.810578 -0.147955 -0.629801
v -6.790972 -0.152852 -0.629301
v -6.772133 -0.159108 -0.628769
v -6.753993 -0.166730 -0.628202
v -6.736488 -0.175740 -0.627599
v -6.719560 -0.186175 -0.626957
v -6.703162 -0.198081 -0.626275
v -6.687263 -0.211512 -0.625550
v -6.671847 -0.226522 -0.624779
v -6.656918 -0.243153 -0.623962
v -6.642859 -0.260988 -0.623119
v -6.630036 -0.279591 -0.622271
v -6.618436 -0.298977 -0.621417
v -6.608041 -0.319181 -0.620556
v -6.598841 -0.340239 -0.619687
v -6.590831 -0.362189 -0.618808
v -6.584016 -0.385065 -0.617918
v -6.578405 -0.408896 -0.617016
v -6.574013 -0.433707 -0.616101
v -6.570858 -0.459518 -0.615174
v -6.568956 -0.486344 -0.614234
v -6.568316 -0.514752 -0.613261
v -6.568983 -1.670894 -0.574147
v -5.869884 -1.670894 -0.562239
v -5.868709 0.369647 -0.631274
v -6.567807 0.369647 -0.643182
v -6.567984 0.062638 -0.632796
v -6.498546 0.062638 -0.631613
v -6.521830 0.098230 -0.633214
v -6.563979 0.153038 -0.635787
v -6.609264 0.202908 -0.638246
v -6.657682 0.247748 -0.640588
v -6.709200 0.287459 -0.642809
v -6.763754 0.321949 -0.644906
v -6.821251 0.351141 -0.646873
v -6.881579 0.374986 -0.648708
v -6.944621 0.393472 -0.650407
v -7.010273 0.406615 -0.651970
v -7.078450 0.414458 -0.653397
v -7.149557 0.417074 -0.654697
v -7.257823 0.411234 -0.656343
v -7.358293 0.393429 -0.657452
v -7.450433 0.363353 -0.658004
v -7.533795 0.320780 -0.657983
v -7.607754 0.265748 -0.657380
v -7.671729 0.198630 -0.656199
v -7.725398 0.120006 -0.654452
v -7.768767 0.030435 -0.652160
v -7.802062 -0.069710 -0.649338
v -7.825576 -0.180264 -0.645997
v -7.839571 -0.301212 -0.642142
v -4.005136 1.146644 -0.625825
v -5.172526 1.146644 -0.645710
v -5.172857 0.572922 -0.626300
v -4.945347 0.572922 -0.622425
v -4.946310 -1.097172 -0.565922
v -5.173819 -1.097172 -0.569798
v -5.174150 -1.670894 -0.550388
v -4.006760 -1.670894 -0.530502
v -4.006429 -1.097172 -0.549912
v -4.233940 -1.097172 -0.553788
v -4.232977 0.572922 -0.610290
v -4.005466 0.572922 -0.606415
v -3.504066 -1.074431 -0.542125
v -3.504410 -1.670894 -0.521945
v -1.785305 -1.670894 -0.492662
v -1.783682 1.146644 -0.587985
v -2.496050 1.146644 -0.600119
v -2.497330 -1.074431 -0.524976
v -1.024764 -1.072004 -0.499975
v -1.025086 -1.629455 -0.481115
v -0.972492 -1.655012 -0.479355
v -0.944805 -1.666375 -0.478498
v -0.915460 -1.676510 -0.477656
v -0.884455 -1.685465 -0.476824
v -0.851782 -1.693283 -0.476003
v -0.817426 -1.699996 -0.475191
v -0.781372 -1.705631 -0.474386
v -0.743605 -1.710211 -0.473588
v -0.704109 -1.713753 -0.472795
v -0.662871 -1.716270 -0.472007
v -0.619877 -1.717775 -0.471224
v -0.574255 -1.718284 -0.470430
v -0.469149 -1.713539 -0.468800
v -0.371305 -1.699024 -0.467625
v -0.281536 -1.674496 -0.466926
v -0.200069 -1.639669 -0.466716
v -0.127344 -1.594371 -0.467011
v -0.063938 -1.538683 -0.467815
v -0.010371 -1.472987 -0.469126
v 0.033084 -1.397850 -0.470928
v 0.066458 -1.313803 -0.473204
v 0.089978 -1.221198 -0.475938
v 0.103932 -1.120188 -0.479118
v 0.108534 -1.011740 -0.482710
v 0.109018 -0.171858 -0.511125
v 0.423742 -0.171858 -0.505764
v 0.424054 0.369647 -0.524084
v 0.109331 0.369647 -0.529445
v 0.109565 0.776189 -0.543199
v -0.587522 0.975305 -0.561811
v -0.587871 0.369647 -0.541321
v -1.023934 0.369647 -0.548748
v -1.024246 -0.171858 -0.530428
v -0.588183 -0.171858 -0.523001
v -0.588606 -0.905602 -0.498177
v -0.590207 -0.951212 -0.496660
v -0.594763 -0.991173 -0.495386
v -0.602106 -1.026212 -0.494325
v -0.611973 -1.056336 -0.493474
v -0.624070 -1.081696 -0.492822
v -0.638161 -1.102648 -0.492352
v -0.654215 -1.119745 -0.492047
v -0.672533 -1.133579 -0.491891
v -0.693690 -1.144547 -0.491880
v -0.718322 -1.152708 -0.492024
v -0.746900 -1.157849 -0.492337
v -0.780308 -1.159678 -0.492844
v -0.792983 -1.159373 -0.493070
v -0.806539 -1.158397 -0.493334
v -0.820229 -1.156764 -0.493622
v -0.834064 -1.154465 -0.493936
v -0.848055 -1.151490 -0.494275
v -0.862210 -1.147829 -0.494640
v -0.876536 -1.143471 -0.495031
v -0.891036 -1.138405 -0.495450
v -0.905714 -1.132622 -0.495896
v -0.920568 -1.126112 -0.496369
v -0.935598 -1.118866 -0.496870
v 1.087095 -0.431810 -0.485667
v 1.086381 -1.670894 -0.443747
v 1.783583 -1.670894 -0.431870
v 1.784232 -0.543378 -0.470016
v 1.786432 -0.473877 -0.472331
v 1.792789 -0.411950 -0.474318
v 1.803160 -0.356968 -0.476002
v 1.817309 -0.308978 -0.477385
v 1.834936 -0.267919 -0.478475
v 1.855740 -0.233546 -0.479283
v 1.879545 -0.205378 -0.479831
v 1.906478 -0.182775 -0.480137
v 1.937034 -0.165173 -0.480213
v 1.971915 -0.152331 -0.480053
v 2.011748 -0.144368 -0.479644
v 2.057487 -0.141585 -0.478959
v 2.078993 -0.142284 -0.478569
v 2.100308 -0.144425 -0.478134
v 2.120742 -0.147955 -0.477666
v 2.140348 -0.152852 -0.477166
v 2.159188 -0.159108 -0.476634
v 2.177328 -0.166730 -0.476067
v 2.194833 -0.175740 -0.475464
v 2.211761 -0.186175 -0.474822
v 2.228159 -0.198081 -0.474140
v 2.244057 -0.211512 -0.473415
v 2.259474 -0.226522 -0.472644
v 2.274403 -0.243153 -0.471827
v 2.288461 -0.260988 -0.470984
v 2.301284 -0.279591 -0.470136
v 2.312884 -0.298977 -0.469282
v 2.323279 -0.319181 -0.468421
v 2.332480 -0.340239 -0.467552
v 2.340489 -0.362189 -0.466673
v 2.347304 -0.385065 -0.465783
v 2.352915 -0.408896 -0.464881
v 2.357307 -0.433707 -0.463966
v 2.360463 -0.459518 -0.463039
v 2.362365 -0.486344 -0.462099
v 2.363005 -0.514752 -0.461126
v 2.362339 -1.670894 -0.422012
v 3.061436 -1.670894 -0.410104
v 3.062612 0.369647 -0.479139
v 2.363514 0.369647 -0.491047
v 2.363338 0.062638 -0.480660
v 2.432775 0.062638 -0.479478
v 2.409490 0.098230 -0.481079
v 2.367340 0.153038 -0.483652
v 2.322056 0.202908 -0.486111
v 2.273638 0.247748 -0.488453
v 2.222120 0.287459 -0.490674
v 2.167566 0.321949 -0.492771
v 2.110069 0.351141 -0.494738
v 2.049741 0.374986 -0.496573
v 1.986699 0.393472 -0.498272
v 1.921047 0.406615 -0.499835
v 1.852870 0.414458 -0.501262
v 1.781763 0.417074 -0.502562
v 1.673497 0.411234 -0.504208
v 1.573027 0.393429 -0.505317
v 1.480887 0.363353 -0.505869
v 1.397526 0.320780 -0.505848
v 1.323566 0.265748 -0.505245
v 1.259592 0.198630 -0.504064
v 1.205922 0.120006 -0.502317
v 1.162553 0.030435 -0.500025
v 1.129258 -0.069709 -0.497203
v 1.105744 -0.180264 -0.493862
v 1.091747 -0.301212 -0.490007
v 4.112434 -1.423365 -0.400578
v 4.163789 -1.470635 -0.398103
v 4.218256 -1.513827 -0.395714
v 4.275794 -1.552901 -0.393411
v 4.336349 -1.587830 -0.391198
v 4.399868 -1.618597 -0.389075
v 4.466294 -1.645198 -0.387043
v 4.535581 -1.667643 -0.385103
v 4.607688 -1.685948 -0.383256
v 4.682584 -1.700137 -0.381500
v 4.760245 -1.710238 -0.379835
v 4.840658 -1.716279 -0.378261
v 4.923825 -1.718286 -0.376776
v 5.005727 -1.716339 -0.375447
v 5.084886 -1.710482 -0.374297
v 5.161323 -1.700687 -0.373326
v 5.235027 -1.686927 -0.372536
v 5.305978 -1.669174 -0.371929
v 5.374146 -1.647403 -0.371504
v 5.439491 -1.621596 -0.371264
v 5.501967 -1.591743 -0.371211
v 5.561520 -1.557844 -0.371343
v 5.618095 -1.519914 -0.371663
v 5.671640 -1.477980 -0.372170
v 5.722104 -1.432084 -0.372864
v 5.769001 -1.382775 -0.373734
v 5.811863 -1.330567 -0.374770
v 5.850666 -1.275481 -0.375974
v 5.885375 -1.217564 -0.377342
v 5.915967 -1.156871 -0.378875
v 5.942433 -1.093457 -0.380570
v 5.964776 -1.027375 -0.382426
v 5.983008 -0.958671 -0.384441
v 5.997151 -0.887380 -0.386612
v 6.007231 -0.813532 -0.388940
v 6.013277 -0.737144 -0.391422
v 6.015316 -0.658200 -0.394059
v 6.013296 -0.576825 -0.396847
v 6.007119 -0.498199 -0.399613
v 5.996754 -0.422313 -0.402358
v 5.982171 -0.349184 -0.405081
v 5.963340 -0.278841 -0.407782
v 5.940238 -0.211322 -0.410461
v 5.912848 -0.146676 -0.413115
v 5.881167 -0.084959 -0.415743
v 5.845204 -0.026231 -0.418343
v 5.804983 0.029448 -0.420913
v 5.760544 0.082025 -0.423449
v 5.711951 0.131439 -0.425949
v 5.659828 0.177257 -0.428387
v 5.604739 0.219084 -0.430741
v 5.546694 0.256916 -0.433010
v 5.485741 0.290730 -0.435193
v 5.421931 0.320513 -0.437288
v 5.355313 0.346264 -0.439294
v 5.285931 0.367993 -0.441211
v 5.213820 0.385717 -0.443039
v 5.139010 0.399458 -0.444779
v 5.061520 0.409242 -0.446430
v 4.981361 0.415093 -0.447993
v 4.898512 0.417038 -0.449470
v 4.816941 0.415092 -0.450794
v 4.738107 0.409233 -0.451938
v 4.662003 0.399435 -0.452903
v 4.588644 0.385668 -0.453687
v 4.518050 0.367906 -0.454288
v 4.450251 0.346123 -0.454706
v 4.385286 0.320299 -0.454938
v 4.323205 0.290426 -0.454985
v 4.264062 0.256503 -0.454844
v 4.207913 0.218547 -0.454516
v 4.154811 0.176583 -0.454001
v 4.104840 0.130685 -0.453299
v 4.058472 0.081567 -0.452426
v 4.016106 0.029846 -0.451398
v 3.977733 -0.024497 -0.450212
v 3.943391 -0.081421 -0.448871
v 3.913105 -0.140876 -0.447375
v 3.886890 -0.202812 -0.445725
v 3.864749 -0.267176 -0.443924
v 3.846675 -0.333923 -0.441973
v 3.832650 -0.403013 -0.439874
v 3.822653 -0.474414 -0.437628
v 3.816657 -0.548105 -0.435236
v 3.814634 -0.624063 -0.432700
v 3.816620 -0.705776 -0.429901
v 3.822688 -0.784789 -0.427124
v 3.832868 -0.861146 -0.424366
v 3.847188 -0.934828 -0.421629
v 3.865675 -1.005810 -0.418912
v 3.888350 -1.074058 -0.416216
v 3.915230 -1.139526 -0.413543
v 3.946319 -1.202165 -0.410893
v 3.981608 -1.261918 -0.408270
v 4.021079 -1.318732 -0.405675
v 4.064697 -1.372557 -0.403110
v 4.525146 -0.635516 -0.420210
v 4.528082 -0.552292 -0.422976
v 4.536682 -0.477253 -0.425369
v 4.550748 -0.410480 -0.427389
v 4.570015 -0.351963 -0.429041
v 4.594192 -0.301546 -0.430336
v 4.623043 -0.258867 -0.431289
v 4.656549 -0.223372 -0.431919
v 4.695016 -0.194471 -0.432242
v 4.739024 -0.171777 -0.432260
v 4.789202 -0.155238 -0.431965
v 4.846014 -0.145072 -0.431342
v 4.910208 -0.141576 -0.430366
v 4.941309 -0.142483 -0.429806
v 4.971550 -0.145235 -0.429198
v 5.000292 -0.149772 -0.428555
v 5.027570 -0.156059 -0.427877
v 5.053432 -0.164065 -0.427166
v 5.077943 -0.173773 -0.426420
v 5.101171 -0.185181 -0.425638
v 5.123193 -0.198304 -0.424819
v 5.144079 -0.213178 -0.423960
v 5.163889 -0.229855 -0.423058
v 5.182669 -0.248396 -0.422110
v 5.200429 -0.268852 -0.421116
v 5.216993 -0.291069 -0.420082
v 5.232196 -0.314901 -0.419016
v 5.246047 -0.340409 -0.417917
v 5.258538 -0.367641 -0.416783
v 5.269651 -0.396638 -0.415612
v 5.279363 -0.427432 -0.414404
v 5.287647 -0.460044 -0.413160
v 5.294475 -0.494488 -0.411878
v 5.299819 -0.530770 -0.410559
v 5.303656 -0.568893 -0.409203
v 5.305963 -0.608851 -0.407812
v 5.306712 -0.650214 -0.406399
v 5.303646 -0.736175 -0.403542
v 5.294699 -0.813379 -0.401082
v 5.280063 -0.882105 -0.399006
v 5.260000 -0.942369 -0.397308
v 5.234804 -0.994336 -0.395979
v 5.204698 -1.038381 -0.395001
v 5.169686 -1.075063 -0.394356
v 5.129447 -1.104963 -0.394029
v 5.083397 -1.128449 -0.394019
v 5.030912 -1.145558 -0.394334
v 4.971547 -1.156065 -0.394990
v 4.905301 -1.159633 -0.395997
v 4.842616 -1.155996 -0.397188
v 4.786741 -1.145345 -0.398500
v 4.737389 -1.128014 -0.399928
v 4.694005 -1.104171 -0.401473
v 4.655911 -1.073662 -0.403155
v 4.622570 -1.035995 -0.404997
v 4.593772 -0.990546 -0.407026
v 4.569633 -0.936797 -0.409256
v 4.550428 -0.874452 -0.411693
v 4.536458 -0.803412 -0.414335
v 4.527968 -0.723701 -0.417177
v 6.542887 0.364951 -0.419697
v 6.542502 -0.302308 -0.397123
v 6.632610 -0.256021 -0.397154
v 6.649282 -0.248410 -0.397128
v 6.666440 -0.241506 -0.397069
v 6.684099 -0.235310 -0.396978
v 6.702272 -0.229823 -0.396854
v 6.720972 -0.225047 -0.396697
v 6.740207 -0.220988 -0.396507
v 6.759989 -0.217651 -0.396283
v 6.780326 -0.215042 -0.396025
v 6.801222 -0.213170 -0.395732
v 6.822684 -0.212041 -0.395405
v 6.844357 -0.211669 -0.395048
v 6.873467 -0.212574 -0.394522
v 6.900866 -0.215228 -0.393965
v 6.926905 -0.219601 -0.393374
v 6.951630 -0.225657 -0.392748
v 6.975100 -0.233371 -0.392087
v 6.997388 -0.242732 -0.391390
v 7.018572 -0.253750 -0.390657
v 7.038732 -0.266454 -0.389883
v 7.057933 -0.280892 -0.389068
v 7.076231 -0.297125 -0.388207
v 7.093656 -0.315221 -0.387297
v 7.110235 -0.335261 -0.386337
v 7.125768 -0.357002 -0.385336
v 7.140029 -0.380145 -0.384310
v 7.153004 -0.404705 -0.383258
v 7.164689 -0.430722 -0.382179
v 7.175073 -0.458232 -0.381071
v 7.184137 -0.487265 -0.379934
v 7.191863 -0.517842 -0.378768
v 7.198226 -0.549978 -0.377572
v 7.203206 -0.583683 -0.376346
v 7.206780 -0.618960 -0.375091
v 7.208928 -0.655809 -0.373808
v 7.209641 -0.694684 -0.372480
v 7.209079 -1.670894 -0.339453
v 7.908176 -1.670894 -0.327545
v 7.909352 0.369647 -0.396580
v 7.210255 0.369647 -0.408488
v 7.210047 0.009575 -0.396306
v 7.286262 0.009575 -0.395008
v 7.272870 0.042976 -0.396367
v 7.242647 0.104138 -0.398951
v 7.208716 0.160040 -0.401421
v 7.170999 0.210576 -0.403774
v 7.129451 0.255595 -0.406005
v 7.084092 0.294909 -0.408108
v 7.035021 0.328323 -0.410075
v 6.982412 0.355676 -0.411897
v 6.926486 0.376877 -0.413567
v 6.867468 0.391916 -0.415081
v 6.805544 0.400858 -0.416438
v 6.741670 0.403770 -0.417625
v 6.724227 0.403593 -0.417916
v 6.708177 0.403083 -0.418172
v 6.692617 0.402227 -0.418408
v 6.677539 0.401017 -0.418624
v 6.662935 0.399444 -0.418820
v 6.648792 0.397496 -0.418995
v 6.635103 0.395161 -0.419149
v 6.621858 0.392422 -0.419282
v 6.609047 0.389260 -0.419393
v 6.596663 0.385651 -0.419482
v 6.584701 0.381569 -0.419547
v 8.662413 1.146644 -0.410047
v 8.662068 0.548286 -0.389804
v 9.621406 0.548286 -0.373462
v 9.621078 -0.018852 -0.354275
v 8.739473 -0.018852 -0.369292
v 8.739130 -0.615315 -0.349113
v 9.620735 -0.615315 -0.334096
v 9.620127 -1.670894 -0.298384
v 10.332496 -1.670894 -0.286249
v 10.334119 1.146644 -0.381572
v -10.540426 -0.540834 0.140549
v -10.540601 -0.843425 0.150786
v -9.280672 -0.843425 0.172248
v -9.281735 -0.851999 0.172520
v -9.295223 -0.907689 0.174175
v -9.314236 -0.957043 0.175521
v -9.338609 -1.000422 0.176574
v -9.368379 -1.038313 0.177349
v -9.403825 -1.071185 0.177858
v -9.445403 -1.099329 0.178102
v -9.493585 -1.122789 0.178075
v -9.548723 -1.141420 0.177766
v -9.611005 -1.154989 0.177165
v -9.680487 -1.163266 0.176261
v -9.757484 -1.166075 0.175045
v -9.807911 -1.165070 0.174152
v -9.857607 -1.162039 0.173203
v -9.906155 -1.156998 0.172205
v -9.953563 -1.149957 0.171159
v -9.999846 -1.140921 0.170065
v -10.045015 -1.129898 0.168923
v -10.089087 -1.116892 0.167732
v -10.132077 -1.101902 0.166492
v -10.174005 -1.084930 0.165204
v -10.214886 -1.065971 0.163866
v -10.254736 -1.045019 0.162478
v -10.370044 -0.976872 0.158208
v -10.370360 -1.527413 0.176833
v -10.295586 -1.564828 0.179373
v -10.244994 -1.586867 0.180981
v -10.192231 -1.606741 0.182552
v -10.137310 -1.624462 0.184087
v -10.080242 -1.640048 0.185587
v -10.021034 -1.653514 0.187051
v -9.959688 -1.664874 0.188481
v -9.896207 -1.674143 0.189876
v -9.830587 -1.681334 0.191237
v -9.762829 -1.686458 0.192564
v -9.692928 -1.689526 0.193859
v -9.620631 -1.690550 0.195125
v -9.541541 -1.688689 0.196409
v -9.464985 -1.683071 0.197523
v -9.391179 -1.673674 0.198462
v -9.320133 -1.660467 0.199226
v -9.251864 -1.643421 0.199812
v -9.186406 -1.622506 0.200219
v -9.123796 -1.597701 0.200446
v -9.064079 -1.568993 0.200492
v -9.007318 -1.536378 0.200355
v -8.953570 -1.499870 0.200035
v -8.902893 -1.459494 0.199532
v -8.855345 -1.415295 0.198846
v -8.811275 -1.367673 0.197985
v -8.771022 -1.317007 0.196956
v -8.734617 -1.263335 0.195760
v -8.702085 -1.206713 0.194398
v -8.673440 -1.147199 0.192871
v -8.648681 -1.084847 0.191183
v -8.627795 -1.019709 0.189335
v -8.610762 -0.951821 0.187327
v -8.597552 -0.881215 0.185163
v -8.588140 -0.807909 0.182842
v -8.582496 -0.731915 0.180367
v -8.580588 -0.653191 0.177735
v -8.582553 -0.571545 0.174939
v -8.588557 -0.492521 0.172162
v -8.598630 -0.416131 0.169405
v -8.612799 -0.342391 0.166668
v -8.631088 -0.271325 0.163952
v -8.653523 -0.202967 0.161256
v -8.680116 -0.137360 0.158583
v -8.710873 -0.074552 0.155934
v -8.745788 -0.014598 0.153310
v -8.784842 0.042451 0.150714
v -8.828002 0.096545 0.148148
v -8.875153 0.147556 0.145619
v -8.925149 0.194892 0.143165
v -8.977057 0.238137 0.140818
v -9.030972 0.277353 0.138572
v -9.086868 0.312502 0.136431
v -9.144717 0.343548 0.134395
v -9.204478 0.370464 0.132466
v -9.266106 0.393229 0.130646
v -9.329552 0.411833 0.128935
v -9.394770 0.426277 0.127336
v -9.461717 0.436570 0.125847
v -9.530355 0.442729 0.124469
v -9.600580 0.444773 0.123204
v -9.672716 0.442955 0.122037
v -9.742246 0.437487 0.121037
v -9.809286 0.428335 0.120205
v -9.873816 0.415464 0.119541
v -9.935814 0.398844 0.119048
v -9.995239 0.378447 0.118726
v -10.052039 0.354253 0.118577
v -10.106159 0.326255 0.118603
v -10.157531 0.294461 0.118804
v -10.206094 0.258896 0.119180
v -10.251786 0.219598 0.119732
v -10.294524 0.176656 0.120457
v -10.334014 0.130636 0.121342
v -10.370040 0.082001 0.122374
v -10.402616 0.030747 0.123553
v -10.431721 -0.023078 0.124879
v -10.457347 -0.079423 0.126349
v -10.479499 -0.138243 0.127963
v -10.498186 -0.199497 0.129717
v -10.513429 -0.263150 0.131612
v -10.525250 -0.329180 0.133645
v -10.533677 -0.397567 0.135816
v -10.538731 -0.468303 0.138123
v -9.278061 -0.375830 0.156468
v -9.883049 -0.375830 0.146163
v -9.882589 -0.362962 0.145735
v -9.876028 -0.306498 0.143936
v -9.865357 -0.256538 0.142427
v -9.850843 -0.213065 0.141203
v -9.832778 -0.175911 0.140254
v -9.811382 -0.144698 0.139562
v -9.786656 -0.118866 0.139109
v -9.758272 -0.097836 0.138880
v -9.725647 -0.081245 0.138875
v -9.688162 -0.069060 0.139101
v -9.645370 -0.061508 0.139574
v -9.596706 -0.058894 0.140315
v -9.576973 -0.059583 0.140674
v -9.557402 -0.061681 0.141079
v -9.538423 -0.065153 0.141519
v -9.519976 -0.069992 0.141997
v -9.501995 -0.076209 0.142514
v -9.484422 -0.083827 0.143071
v -9.467200 -0.092881 0.143671
v -9.450293 -0.103417 0.144315
v -9.433667 -0.115484 0.145007
v -9.417315 -0.129130 0.145747
v -9.401234 -0.144400 0.146538
v -9.385408 -0.161357 0.147381
v -9.370191 -0.179585 0.148258
v -9.355976 -0.198579 0.149142
v -9.342793 -0.218306 0.150035
v -9.330628 -0.238788 0.150935
v -9.319474 -0.260046 0.151844
v -9.309323 -0.282099 0.152764
v -9.300180 -0.304967 0.153693
v -9.292043 -0.328670 0.154634
v -9.284919 -0.353227 0.155586
v -9.278813 -0.378649 0.156551
v -9.273738 -0.404951 0.157527
v -7.858183 -0.404080 0.181610
v -7.858898 -1.643163 0.223531
v -7.161696 -1.643163 0.235407
v -7.161046 -0.515648 0.197261
v -7.158846 -0.446147 0.194946
v -7.152489 -0.384220 0.192959
v -7.142118 -0.329238 0.191275
v -7.127969 -0.281248 0.189892
v -7.110341 -0.240189 0.188802
v -7.089538 -0.205816 0.187994
v -7.065732 -0.177647 0.187446
v -7.038800 -0.155044 0.187140
v -7.008244 -0.137443 0.187064
v -6.973362 -0.124600 0.187224
v -6.933530 -0.116638 0.187633
v -6.887791 -0.113855 0.188318
v -6.866286 -0.114554 0.188708
v -6.844970 -0.116695 0.189144
v -6.824536 -0.120224 0.189611
v -6.804930 -0.125122 0.190111
v -6.786091 -0.131378 0.190643
v -6.767951 -0.139000 0.191210
v -6.750446 -0.148010 0.191813
v -6.733518 -0.158444 0.192455
v -6.717120 -0.170351 0.193137
v -6.701221 -0.183782 0.193862
v -6.685805 -0.198792 0.194633
v -6.670876 -0.215423 0.195450
v -6.656817 -0.233258 0.196293
v -6.643994 -0.251861 0.197141
v -6.632394 -0.271247 0.197995
v -6.621999 -0.291450 0.198856
v -6.612799 -0.312509 0.199725
v -6.604789 -0.334459 0.200604
v -6.597974 -0.357335 0.201494
v -6.592363 -0.381165 0.202397
v -6.587971 -0.405977 0.203311
v -6.584816 -0.431788 0.204238
v -6.582914 -0.458613 0.205178
v -6.582274 -0.487022 0.206151
v -6.582941 -1.643163 0.245265
v -5.883842 -1.643163 0.257173
v -5.882667 0.397377 0.188138
v -6.581765 0.397377 0.176230
v -6.581942 0.090368 0.186617
v -6.512504 0.090368 0.187799
v -6.535788 0.125960 0.186198
v -6.577937 0.180768 0.183626
v -6.623222 0.230638 0.181166
v -6.671640 0.275478 0.178824
v -6.723158 0.315190 0.176603
v -6.777712 0.349679 0.174506
v -6.835209 0.378871 0.172539
v -6.895537 0.402717 0.170704
v -6.958579 0.421202 0.169005
v -7.024231 0.434346 0.167442
v -7.092408 0.442188 0.166015
v -7.163515 0.444804 0.164715
v -7.271781 0.438964 0.163069
v -7.372251 0.421160 0.161960
v -7.464391 0.391083 0.161408
v -7.547753 0.348510 0.161429
v -7.621712 0.293479 0.162032
v -7.685687 0.226360 0.163213
v -7.739356 0.147736 0.164960
v -7.782725 0.058165 0.167252
v -7.816020 -0.041979 0.170074
v -7.839534 -0.152534 0.173415
v -7.853529 -0.273481 0.177270
v -4.019094 1.174374 0.193587
v -5.186484 1.174374 0.173702
v -5.186815 0.600652 0.193112
v -4.959305 0.600652 0.196988
v -4.960268 -1.069442 0.253490
v -5.187777 -1.069442 0.249614
v -5.188108 -1.643163 0.269024
v -4.020718 -1.643163 0.288910
v -4.020387 -1.069442 0.269500
v -4.247898 -1.069442 0.265624
v -4.246935 0.600652 0.209122
v -4.019424 0.600652 0.212997
v -3.518024 -1.046701 0.277287
v -3.518368 -1.643163 0.297467
v -1.799263 -1.643163 0.326750
v -1.797639 1.174374 0.231427
v -2.510008 1.174374 0.219293
v -2.511288 -1.046701 0.294436
v -1.038722 -1.044274 0.319437
v -1.039043 -1.601725 0.338297
v -0.986450 -1.627282 0.340058
v -0.958762 -1.638644 0.340914
v -0.929417 -1.648779 0.341757
v -0.898413 -1.657735 0.342588
v -0.865739 -1.665553 0.343409
v -0.831383 -1.672265 0.344221
v -0.795330 -1.677901 0.345026
v -0.757563 -1.682481 0.345824
v -0.718067 -1.686023 0.346617
v -0.676829 -1.688540 0.347405
v -0.633835 -1.690045 0.348188
v -0.588212 -1.690554 0.348982
v -0.483107 -1.685808 0.350612
v -0.385263 -1.671294 0.351788
v -0.295494 -1.646765 0.352487
v -0.214027 -1.611938 0.352696
v -0.141302 -1.566640 0.352401
v -0.077895 -1.510952 0.351597
v -0.024329 -1.445257 0.350286
v 0.019127 -1.370120 0.348484
v 0.052500 -1.286073 0.346208
v 0.076020 -1.193468 0.343475
v 0.089974 -1.092458 0.340294
v 0.094577 -0.984010 0.336702
v 0.095061 -0.144128 0.308288
v 0.409784 -0.144128 0.313649
v 0.410096 0.397377 0.295328
v 0.095373 0.397377 0.289968
v 0.095607 0.803919 0.276213
v -0.601480 1.003035 0.257601
v -0.601829 0.397377 0.278091
v -1.037891 0.397377 0.270664
v -1.038203 -0.144128 0.288984
v -0.602141 -0.144128 0.296412
v -0.602564 -0.877872 0.321235
v -0.604165 -0.923482 0.322752
v -0.608721 -0.963443 0.324026
v -0.616063 -0.998482 0.325087
v -0.625931 -1.028606 0.325938
v -0.638028 -1.053966 0.326591
v -0.652118 -1.074918 0.327060
v -0.668173 -1.092015 0.327365
v -0.686490 -1.105849 0.327521
v -0.707648 -1.116817 0.327532
v -0.732280 -1.124978 0.327388
v -0.760857 -1.130119 0.327075
v -0.794266 -1.131948 0.326568
v -0.806941 -1.131642 0.326342
v -0.820497 -1.130667 0.326078
v -0.834186 -1.129034 0.325790
v -0.848021 -1.126735 0.325476
v -0.862013 -1.123760 0.325137
v -0.876168 -1.120098 0.324772
v -0.890494 -1.115740 0.324381
v -0.904994 -1.110675 0.323962
v -0.919671 -1.104892 0.323517
v -0.934525 -1.098382 0.323043
v -0.949555 -1.091136 0.322542
v 1.073137 -0.404080 0.333745
v 1.072423 -1.643163 0.375666
v 1.769625 -1.643163 0.387542
v 1.770275 -0.515648 0.349396
v 1.772474 -0.446147 0.347081
v 1.778832 -0.384220 0.345094
v 1.789202 -0.329238 0.343410
v 1.803351 -0.281248 0.342027
v 1.820979 -0.240189 0.340938
v 1.841782 -0.205816 0.340129
v 1.865587 -0.177647 0.339581
v 1.892520 -0.155044 0.339275
v 1.923076 -0.137443 0.339200
v 1.957957 -0.124600 0.339359
v 1.997790 -0.116638 0.339768
v 2.043529 -0.113855 0.340453
v 2.065035 -0.114554 0.340843
v 2.086350 -0.116695 0.341279
v 2.106784 -0.120224 0.341746
v 2.126390 -0.125122 0.342246
v 2.145230 -0.131378 0.342778
v 2.163370 -0.139000 0.343345
v 2.180875 -0.148010 0.343948
v 2.197803 -0.158444 0.344590
v 2.214201 -0.170351 0.345272
v 2.230099 -0.183782 0.345998
v 2.245516 -0.198792 0.346768
v 2.260445 -0.215422 0.347585
v 2.274503 -0.233258 0.348428
v 2.287326 -0.251861 0.349276
v 2.298926 -0.271246 0.350130
v 2.309321 -0.291450 0.350991
v 2.318522 -0.312509 0.351860
v 2.326531 -0.334459 0.352739
v 2.333346 -0.357334 0.353630
v 2.338957 -0.381165 0.354532
v 2.343349 -0.405977 0.355446
v 2.346505 -0.431788 0.356373
v 2.348407 -0.458613 0.357314
v 2.349047 -0.487022 0.358286
v 2.348381 -1.643163 0.397400
v 3.047478 -1.643163 0.409308
v 3.048654 0.397377 0.340273
v 2.349556 0.397377 0.328365
v 2.349380 0.090368 0.338752
v 2.418817 0.090368 0.339934
v 2.395532 0.125960 0.338333
v 2.353382 0.180768 0.335761
v 2.308098 0.230638 0.333302
v 2.259681 0.275478 0.330959
v 2.208162 0.315190 0.328738
v 2.153608 0.349679 0.326641
v 2.096111 0.378871 0.324674
v 2.035783 0.402717 0.322840
v 1.972741 0.421202 0.321140
v 1.907089 0.434346 0.319577
v 1.838912 0.442188 0.318150
v 1.767805 0.444804 0.316851
v 1.659539 0.438964 0.315204
v 1.559070 0.421160 0.314095
v 1.466930 0.391083 0.313543
v 1.383568 0.348510 0.313564
v 1.309608 0.293479 0.314167
v 1.245634 0.226360 0.315348
v 1.191965 0.147736 0.317095
v 1.148595 0.058165 0.319387
v 1.115300 -0.041979 0.322209
v 1.091786 -0.152534 0.325550
v 1.077790 -0.273482 0.329405
v 4.098476 -1.395634 0.418834
v 4.149831 -1.442905 0.421309
v 4.204298 -1.486096 0.423698
v 4.261836 -1.525171 0.426001
v 4.322391 -1.560100 0.428214
v 4.385910 -1.590866 0.430337
v 4.452336 -1.617468 0.432369
v 4.521623 -1.639912 0.434309
v 4.593730 -1.658218 0.436157
v 4.668626 -1.672407 0.437913
v 4.746287 -1.682508 0.439577
v 4.826700 -1.688548 0.441151
v 4.909867 -1.690556 0.442636
v 4.991769 -1.688609 0.443965
v 5.070928 -1.682752 0.445115
v 5.147365 -1.672957 0.446086
v 5.221069 -1.659197 0.446876
v 5.292020 -1.641443 0.447484
v 5.360188 -1.619673 0.447908
v 5.425533 -1.593866 0.448148
v 5.488009 -1.564012 0.448202
v 5.547562 -1.530114 0.448069
v 5.604137 -1.492184 0.447749
v 5.657682 -1.450250 0.447242
v 5.708146 -1.404354 0.446548
v 5.755043 -1.355045 0.445678
v 5.797905 -1.302837 0.444642
v 5.836708 -1.247750 0.443438
v 5.871417 -1.189834 0.442070
v 5.902009 -1.129140 0.440537
v 5.928475 -1.065727 0.438842
v 5.950818 -0.999645 0.436986
v 5.969050 -0.930940 0.434971
v 5.983193 -0.859650 0.432800
v 5.993273 -0.785802 0.430472
v 5.999319 -0.709413 0.427990
v 6.001358 -0.630470 0.425353
v 5.999338 -0.549095 0.422565
v 5.993161 -0.470469 0.419799
v 5.982796 -0.394583 0.417054
v 5.968213 -0.321454 0.414331
v 5.949382 -0.251111 0.411630
v 5.926280 -0.183592 0.408951
v 5.898890 -0.118946 0.406297
v 5.867209 -0.057228 0.403669
v 5.831246 0.001499 0.401069
v 5.791025 0.057178 0.398499
v 5.746586 0.109755 0.395963
v 5.697993 0.159169 0.393463
v 5.645870 0.204987 0.391025
v 5.590781 0.246814 0.388671
v 5.532736 0.284646 0.386402
v 5.471783 0.318460 0.384219
v 5.407973 0.348243 0.382124
v 5.341355 0.373994 0.380118
v 5.271973 0.395723 0.378201
v 5.199862 0.413447 0.376373
v 5.125052 0.427188 0.374634
v 5.047562 0.436972 0.372983
v 4.967403 0.442823 0.371419
v 4.884554 0.444769 0.369942
v 4.802983 0.442822 0.368618
v 4.724149 0.436963 0.367474
v 4.648045 0.427165 0.366509
v 4.574686 0.413398 0.365725
v 4.504092 0.395636 0.365124
v 4.436293 0.373853 0.364706
v 4.371328 0.348030 0.364474
v 4.309247 0.318156 0.364427
v 4.250104 0.284234 0.364568
v 4.193955 0.246277 0.364896
v 4.140853 0.204313 0.365411
v 4.090882 0.158415 0.366113
v 4.044514 0.109297 0.366986
v 4.002148 0.057576 0.368014
v 3.963775 0.003233 0.369200
v 3.929433 -0.053691 0.370541
v 3.899147 -0.113146 0.372037
v 3.872932 -0.175082 0.373687
v 3.850791 -0.239446 0.375488
v 3.832717 -0.306193 0.377439
v 3.818692 -0.375282 0.379538
v 3.808695 -0.446684 0.381784
v 3.802699 -0.520375 0.384176
v 3.800676 -0.596332 0.386712
v 3.802662 -0.678045 0.389511
v 3.808730 -0.757059 0.392288
v 3.818910 -0.833415 0.395046
v 3.833230 -0.907098 0.397783
v 3.851717 -0.978080 0.400500
v 3.874393 -1.046327 0.403196
v 3.901272 -1.111796 0.405870
v 3.932361 -1.174434 0.408519
v 3.967650 -1.234188 0.411142
v 4.007121 -1.291002 0.413737
v 4.050739 -1.344827 0.416302
v 4.511188 -0.607785 0.399202
v 4.514124 -0.524562 0.396436
v 4.522724 -0.449523 0.394043
v 4.536790 -0.382750 0.392023
v 4.556057 -0.324232 0.390371
v 4.580234 -0.273816 0.389076
v 4.609085 -0.231137 0.388123
v 4.642591 -0.195642 0.387493
v 4.681058 -0.166741 0.387170
v 4.725066 -0.144047 0.387152
v 4.775244 -0.127508 0.387447
v 4.832057 -0.117342 0.388071
v 4.896250 -0.113846 0.389046
v 4.927351 -0.114753 0.389606
v 4.957592 -0.117504 0.390214
v 4.986334 -0.122042 0.390858
v 5.013612 -0.128328 0.391535
v 5.039474 -0.136335 0.392246
v 5.063985 -0.146043 0.392992
v 5.087214 -0.157451 0.393774
v 5.109235 -0.170574 0.394593
v 5.130121 -0.185448 0.395453
v 5.149931 -0.202125 0.396354
v 5.168711 -0.220666 0.397302
v 5.186471 -0.241122 0.398296
v 5.203035 -0.263339 0.399330
v 5.218238 -0.287171 0.400396
v 5.232089 -0.312679 0.401495
v 5.244580 -0.339911 0.402629
v 5.255693 -0.368908 0.403800
v 5.265405 -0.399702 0.405008
v 5.273689 -0.432314 0.406252
v 5.280517 -0.466758 0.407534
v 5.285861 -0.503040 0.408853
v 5.289698 -0.541162 0.410209
v 5.292005 -0.581121 0.411600
v 5.292754 -0.622484 0.413013
v 5.289688 -0.708445 0.415870
v 5.280741 -0.785649 0.418330
v 5.266105 -0.854375 0.420406
v 5.246042 -0.914639 0.422104
v 5.220846 -0.966606 0.423434
v 5.190740 -1.010651 0.424411
v 5.155728 -1.047333 0.425056
v 5.115489 -1.077233 0.425383
v 5.069439 -1.100719 0.425393
v 5.016954 -1.117828 0.425078
v 4.957589 -1.128335 0.424422
v 4.891343 -1.131903 0.423415
v 4.828658 -1.128266 0.422224
v 4.772783 -1.117615 0.420912
v 4.723431 -1.100283 0.419484
v 4.680047 -1.076441 0.417939
v 4.641953 -1.045932 0.416257
v 4.608612 -1.008265 0.414415
v 4.579814 -0.962816 0.412386
v 4.555675 -0.909067 0.410156
v 4.536470 -0.846722 0.407719
v 4.522500 -0.775682 0.405077
v 4.514010 -0.695971 0.402235
v 6.528929 0.392681 0.399715
v 6.528544 -0.274577 0.422289
v 6.618652 -0.228291 0.422258
v 6.635324 -0.220680 0.422284
v 6.652483 -0.213776 0.422343
v 6.670141 -0.207580 0.422434
v 6.688314 -0.202093 0.422558
v 6.707014 -0.197317 0.422715
v 6.726249 -0.193257 0.422905
v 6.746031 -0.189920 0.423129
v 6.766368 -0.187312 0.423387
v 6.787264 -0.185440 0.423680
v 6.808726 -0.184310 0.424007
v 6.830399 -0.183938 0.424364
v 6.859509 -0.184844 0.424890
v 6.886908 -0.187498 0.425447
v 6.912947 -0.191871 0.426038
v 6.937672 -0.197927 0.426664
v 6.961142 -0.205641 0.427325
v 6.983430 -0.215002 0.428022
v 7.004614 -0.226020 0.428755
v 7.024774 -0.238724 0.429529
v 7.043975 -0.253161 0.430344
v 7.062273 -0.269394 0.431205
v 7.079698 -0.287491 0.432115
v 7.096277 -0.307531 0.433075
v 7.111810 -0.329272 0.434076
v 7.126071 -0.352415 0.435102
v 7.139046 -0.376975 0.436154
v 7.150731 -0.402991 0.437233
v 7.161115 -0.430502 0.438341
v 7.170179 -0.459535 0.439478
v 7.177905 -0.490112 0.440645
v 7.184268 -0.522248 0.441840
v 7.189248 -0.555953 0.443066
v 7.192822 -0.591229 0.444321
v 7.194970 -0.628079 0.445604
v 7.195683 -0.666954 0.446932
v 7.195121 -1.643163 0.479959
v 7.894218 -1.643163 0.491867
v 7.895394 0.397377 0.422832
v 7.196297 0.397377 0.410924
v 7.196089 0.037305 0.423106
v 7.272304 0.037305 0.424404
v 7.258912 0.070706 0.423045
v 7.228689 0.131868 0.420461
v 7.194758 0.187770 0.417991
v 7.157041 0.238306 0.415638
v 7.115493 0.283325 0.413407
v 7.070134 0.322639 0.411304
v 7.021063 0.356053 0.409337
v 6.968454 0.383406 0.407516
v 6.912529 0.404607 0.405845
v 6.853510 0.419647 0.404331
v 6.791586 0.428588 0.402974
v 6.727712 0.431501 0.401787
v 6.710269 0.431323 0.401496
v 6.694219 0.430814 0.401240
v 6.678659 0.429958 0.401004
v 6.663581 0.428747 0.400788
v 6.648977 0.427174 0.400592
v 6.634834 0.425226 0.400417
v 6.621145 0.422891 0.400263
v 6.607900 0.420152 0.400130
v 6.595089 0.416990 0.400019
v 6.582705 0.413382 0.399930
v 6.570743 0.409299 0.399865
v 8.648455 1.174374 0.409365
v 8.648110 0.576016 0.429608
v 9.607448 0.576016 0.445950
v 9.607121 0.008878 0.465137
v 8.725515 0.008878 0.450120
v 8.725172 -0.587584 0.470299
v 9.606777 -0.587584 0.485316
v 9.606169 -1.643163 0.521028
v 10.318538 -1.643163 0.533163
v 10.320161 1.174374 0.437841
v 8.648455 1.174374 0.409365
v 8.662413 1.146644 -0.410047
v 8.648110 0.576016 0.429608
v 8.662068 0.548286 -0.389804
v 9.607448 0.576016 0.445950
v 9.621406 0.548286 -0.373462
v 9.607121 0.008878 0.465137
v 9.621078 -0.018852 -0.354275
v 8.725515 0.008878 0.450120
v 8.739473 -0.018852 -0.369292
v 8.725172 -0.587584 0.470299
v 8.739130 -0.615315 -0.349113
v 9.606777 -0.587584 0.485316
v 9.620735 -0.615315 -0.334096
v 9.606169 -1.643163 0.521028
v 9.620127 -1.670894 -0.298384
v 10.318538 -1.643163 0.533163
v 10.332496 -1.670894 -0.286249
v 10.320161 1.174374 0.437841
v 10.334119 1.146644 -0.381572
v 6.528929 0.392681 0.399715
v 6.542887 0.364951 -0.419697
v 6.528544 -0.274577 0.422289
v 6.542502 -0.302308 -0.397123
v 6.618652 -0.228291 0.422258
v 6.632610 -0.256021 -0.397154
v 6.635324 -0.220680 0.422284
v 6.649282 -0.248410 -0.397128
v 6.652483 -0.213776 0.422343
v 6.666440 -0.241506 -0.397069
v 6.670141 -0.207580 0.422434
v 6.684099 -0.235310 -0.396978
v 6.688314 -0.202093 0.422558
v 6.702272 -0.229823 -0.396854
v 6.707014 -0.197317 0.422715
v 6.720972 -0.225047 -0.396697
v 6.726249 -0.193257 0.422905
v 6.740207 -0.220988 -0.396507
v 6.746031 -0.189920 0.423129
v 6.759989 -0.217651 -0.396283
v 6.766368 -0.187312 0.423387
v 6.780326 -0.215042 -0.396025
v 6.787264 -0.185440 0.423680
v 6.801222 -0.213170 -0.395732
v 6.808726 -0.184310 0.424007
v 6.822684 -0.212041 -0.395405
v 6.830399 -0.183938 0.424364
v 6.844357 -0.211669 -0.395048
v 6.859509 -0.184844 0.424890
v 6.873467 -0.212574 -0.394522
v 6.886908 -0.187498 0.425447
v 6.900866 -0.215228 -0.393965
v 6.912947 -0.191871 0.426038
v 6.926905 -0.219601 -0.393374
v 6.937672 -0.197927 0.426664
v 6.951630 -0.225657 -0.392748
v 6.961142 -0.205641 0.427325
v 6.975100 -0.233371 -0.392087
v 6.983430 -0.215002 0.428022
v 6.997388 -0.242732 -0.391390
v 7.004614 -0.226020 0.428755
v 7.018572 -0.253750 -0.390657
v 7.024774 -0.238724 0.429529
v 7.038732 -0.266454 -0.389883
v 7.043975 -0.253161 0.430344
v 7.057933 -0.280892 -0.389068
v 7.062273 -0.269394 0.431205
v 7.076231 -0.297125 -0.388207
v 7.079698 -0.287491 0.432115
v 7.093656 -0.315221 -0.387297
v 7.096277 -0.307531 0.433075
v 7.110235 -0.335261 -0.386337
v 7.111810 -0.329272 0.434076
v 7.125768 -0.357002 -0.385336
v 7.126071 -0.352415 0.435102
v 7.140029 -0.380145 -0.384310
v 7.139046 -0.376975 0.436154
v 7.153004 -0.404705 -0.383258
v 7.150731 -0.402991 0.437233
v 7.164689 -0.430722 -0.382179
v 7.161115 -0.430502 0.438341
v 7.175073 -0.458232 -0.381071
v 7.170179 -0.459535 0.439478
v 7.184137 -0.487265 -0.379934
v 7.177905 -0.490112 0.440645
v 7.191863 -0.517842 -0.378768
v 7.184268 -0.522248 0.441840
v 7.198226 -0.549978 -0.377572
v 7.189248 -0.555953 0.443066
v 7.203206 -0.583683 -0.376346
v 7.192822 -0.591229 0.444321
v 7.206780 -0.618960 -0.375091
v 7.194970 -0.628079 0.445604
v 7.208928 -0.655809 -0.373808
v 7.195683 -0.666954 0.446932
v 7.209641 -0.694684 -0.372480
v 7.195121 -1.643163 0.479959
v 7.209079 -1.670894 -0.339453
v 7.894218 -1.643163 0.491867
v 7.908176 -1.670894 -0.327545
v 7.895394 0.397377 0.422832
v 7.909352 0.369647 -0.396580
v 7.196297 0.397377 0.410924
v 7.210255 0.369647 -0.408488
v 7.196089 0.037305 0.423106
v 7.210047 0.009575 -0.396306
v 7.272304 0.037305 0.424404
v 7.286262 0.009575 -0.395008
v 7.258912 0.070706 0.423045
v 7.272870 0.042976 -0.396367
v 7.228689 0.131868 0.420461
v 7.242647 0.104138 -0.398951
v 7.194758 0.187770 0.417991
v 7.208716 0.160040 -0.401421
v 7.157041 0.238306 0.415638
v 7.170999 0.210576 -0.403774
v 7.115493 0.283325 0.413407
v 7.129451 0.255595 -0.406005
v 7.070134 0.322639 0.411304
v 7.084092 0.294909 -0.408108
v 7.021063 0.356053 0.409337
v 7.035021 0.328323 -0.410075
v 6.968454 0.383406 0.407516
v 6.982412 0.355676 -0.411897
v 6.912529 0.404607 0.405845
v 6.926486 0.376877 -0.413567
v 6.853510 0.419647 0.404331
v 6.867468 0.391916 -0.415081
v 6.791586 0.428588 0.402974
v 6.805544 0.400858 -0.416438
v 6.727712 0.431501 0.401787
v 6.741670 0.403770 -0.417625
v 6.710269 0.431323 0.401496
v 6.724227 0.403593 -0.417916
v 6.694219 0.430814 0.401240
v 6.708177 0.403083 -0.418172
v 6.678659 0.429958 0.401004
v 6.692617 0.402227 -0.418408
v 6.663581 0.428747 0.400788
v 6.677539 0.401017 -0.418624
v 6.648977 0.427174 0.400592
v 6.662935 0.399444 -0.418820
v 6.634834 0.425226 0.400417
v 6.648792 0.397496 -0.418995
v 6.621145 0.422891 0.400263
v 6.635103 0.395161 -0.419149
v 6.607900 0.420152 0.400130
v 6.621858 0.392422 -0.419282
v 6.595089 0.416990 0.400019
v 6.609047 0.389260 -0.419393
v 6.582705 0.413382 0.399930
v 6.596663 0.385651 -0.419482
v 6.570743 0.409299 0.399865
v 6.584701 0.381569 -0.419547
v 4.098476 -1.395634 0.418834
v 4.112434 -1.423365 -0.400578
v 4.149831 -1.442905 0.421309
v 4.163789 -1.470635 -0.398103
v 4.204298 -1.486096 0.423698
v 4.218256 -1.513827 -0.395714
v 4.261836 -1.525171 0.426001
v 4.275794 -1.552901 -0.393411
v 4.322391 -1.560100 0.428214
v 4.336349 -1.587830 -0.391198
v 4.385910 -1.590866 0.430337
v 4.399868 -1.618597 -0.389075
v 4.452336 -1.617468 0.432369
v 4.466294 -1.645198 -0.387043
v 4.521623 -1.639912 0.434309
v 4.535581 -1.667643 -0.385103
v 4.593730 -1.658218 0.436157
v 4.607688 -1.685948 -0.383256
v 4.668626 -1.672407 0.437913
v 4.682584 -1.700137 -0.381500
v 4.746287 -1.682508 0.439577
v 4.760245 -1.710238 -0.379835
v 4.826700 -1.688548 0.441151
v 4.840658 -1.716279 -0.378261
v 4.909867 -1.690556 0.442636
v 4.923825 -1.718286 -0.376776
v 4.991769 -1.688609 0.443965
v 5.005727 -1.716339 -0.375447
v 5.070928 -1.682752 0.445115
v 5.084886 -1.710482 -0.374297
v 5.147365 -1.672957 0.446086
v 5.161323 -1.700687 -0.373326
v 5.221069 -1.659197 0.446876
v 5.235027 -1.686927 -0.372536
v 5.292020 -1.641443 0.447484
v 5.305978 -1.669174 -0.371929
v 5.360188 -1.619673 0.447908
v 5.374146 -1.647403 -0.371504
v 5.425533 -1.593866 0.448148
v 5.439491 -1.621596 -0.371264
v 5.488009 -1.564012 0.448202
v 5.501967 -1.591743 -0.371211
v 5.547562 -1.530114 0.448069
v 5.561520 -1.557844 -0.371343
v 5.604137 -1.492184 0.447749
v 5.618095 -1.519914 -0.371663
v 5.657682 -1.450250 0.447242
v 5.671640 -1.477980 -0.372170
v 5.708146 -1.404354 0.446548
v 5.722104 -1.432084 -0.372864
v 5.755043 -1.355045 0.445678
v 5.769001 -1.382775 -0.373734
v 5.797905 -1.302837 0.444642
v 5.811863 -1.330567 -0.374770
v 5.836708 -1.247750 0.443438
v 5.850666 -1.275481 -0.375974
v 5.871417 -1.189834 0.442070
v 5.885375 -1.217564 -0.377342
v 5.902009 -1.129140 0.440537
v 5.915967 -1.156871 -0.378875
v 5.928475 -1.065727 0.438842
v 5.942433 -1.093457 -0.380570
v 5.950818 -0.999645 0.436986
v 5.964776 -1.027375 -0.382426
v 5.969050 -0.930940 0.434971
v 5.983008 -0.958671 -0.384441
v 5.983193 -0.859650 0.432800
v 5.997151 -0.887380 -0.386612
v 5.993273 -0.785802 0.430472
v 6.007231 -0.813532 -0.388940
v 5.999319 -0.709413 0.427990
v 6.013277 -0.737144 -0.391422
v 6.001358 -0.630470 0.425353
v 6.015316 -0.658200 -0.394059
v 5.999338 -0.549095 0.422565
v 6.013296 -0.576825 -0.396847
v 5.993161 -0.470469 0.419799
v 6.007119 -0.498199 -0.399613
v 5.982796 -0.394583 0.417054
v 5.996754 -0.422313 -0.402358
v 5.968213 -0.321454 0.414331
v 5.982171 -0.349184 -0.405081
v 5.949382 -0.251111 0.411630
v 5.963340 -0.278841 -0.407782
v 5.926280 -0.183592 0.408951
v 5.940238 -0.211322 -0.410461
v 5.898890 -0.118946 0.406297
v 5.912848 -0.146676 -0.413115
v 5.867209 -0.057228 0.403669
v 5.881167 -0.084959 -0.415743
v 5.831246 0.001499 0.401069
v 5.845204 -0.026231 -0.418343
v 5.791025 0.057178 0.398499
v 5.804983 0.029448 -0.420913
v 5.746586 0.109755 0.395963
v 5.760544 0.082025 -0.423449
v 5.697993 0.159169 0.393463
v 5.711951 0.131439 -0.425949
v 5.645870 0.204987 0.391025
v 5.659828 0.177257 -0.428387
v 5.590781 0.246814 0.388671
v 5.604739 0.219084 -0.430741
v 5.532736 0.284646 0.386402
v 5.546694 0.256916 -0.433010
v 5.471783 0.318460 0.384219
v 5.485741 0.290730 -0.435193
v 5.407973 0.348243 0.382124
v 5.421931 0.320513 -0.437288
v 5.341355 0.373994 0.380118
v 5.355313 0.346264 -0.439294
v 5.271973 0.395723 0.378201
v 5.285931 0.367993 -0.441211
v 5.199862 0.413447 0.376373
v 5.213820 0.385717 -0.443039
v 5.125052 0.427188 0.374634
v 5.139010 0.399458 -0.444779
v 5.047562 0.436972 0.372983
v 5.061520 0.409242 -0.446430
v 4.967403 0.442823 0.371419
v 4.981361 0.415093 -0.447993
v 4.884554 0.444769 0.369942
v 4.898512 0.417038 -0.449470
v 4.802983 0.442822 0.368618
v 4.816941 0.415092 -0.450794
v 4.724149 0.436963 0.367474
v 4.738107 0.409233 -0.451938
v 4.648045 0.427165 0.366509
v 4.662003 0.399435 -0.452903
v 4.574686 0.413398 0.365725
v 4.588644 0.385668 -0.453687
v 4.504092 0.395636 0.365124
v 4.518050 0.367906 -0.454288
v 4.436293 0.373853 0.364706
v 4.450251 0.346123 -0.454706
v 4.371328 0.348030 0.364474
v 4.385286 0.320299 -0.454938
v 4.309247 0.318156 0.364427
v 4.323205 0.290426 -0.454985
v 4.250104 0.284234 0.364568
v 4.264062 0.256503 -0.454844
v 4.193955 0.246277 0.364896
v 4.207913 0.218547 -0.454516
v 4.140853 0.204313 0.365411
v 4.154811 0.176583 -0.454001
v 4.090882 0.158415 0.366113
v 4.104840 0.130685 -0.453299
v 4.044514 0.109297 0.366986
v 4.058472 0.081567 -0.452426
v 4.002148 0.057576 0.368014
v 4.016106 0.029846 -0.451398
v 3.963775 0.003233 0.369200
v 3.977733 -0.024497 -0.450212
v 3.929433 -0.053691 0.370541
v 3.943391 -0.081421 -0.448871
v 3.899147 -0.113146 0.372037
v 3.913105 -0.140876 -0.447375
v 3.872932 -0.175082 0.373687
v 3.886890 -0.202812 -0.445725
v 3.850791 -0.239446 0.375488
v 3.864749 -0.267176 -0.443924
v 3.832717 -0.306193 0.377439
v 3.846675 -0.333923 -0.441973
v 3.818692 -0.375282 0.379538
v 3.832650 -0.403013 -0.439874
v 3.808695 -0.446684 0.381784
v 3.822653 -0.474414 -0.437628
v 3.802699 -0.520375 0.384176
v 3.816657 -0.548105 -0.435236
v 3.800676 -0.596332 0.386712
v 3.814634 -0.624063 -0.432700
v 3.802662 -0.678045 0.389511
v 3.816620 -0.705776 -0.429901
v 3.808730 -0.757059 0.392288
v 3.822688 -0.784789 -0.427124
v 3.818910 -0.833415 0.395046
v 3.832868 -0.861146 -0.424366
v 3.833230 -0.907098 0.397783
v 3.847188 -0.934828 -0.421629
v 3.851717 -0.978080 0.400500
v 3.865675 -1.005810 -0.418912
v 3.874393 -1.046327 0.403196
v 3.888350 -1.074058 -0.416216
v 3.901272 -1.111796 0.405870
v 3.915230 -1.139526 -0.413543
v 3.932361 -1.174434 0.408519
v 3.946319 -1.202165 -0.410893
v 3.967650 -1.234188 0.411142
v 3.981608 -1.261918 -0.408270
v 4.007121 -1.291002 0.413737
v 4.021079 -1.318732 -0.405675
v 4.050739 -1.344827 0.416302
v 4.064697 -1.372557 -0.403110
v 4.511188 -0.607785 0.399202
v 4.525146 -0.635516 -0.420210
v 4.514124 -0.524562 0.396436
v 4.528082 -0.552292 -0.422976
v 4.522724 -0.449523 0.394043
v 4.536682 -0.477253 -0.425369
v 4.536790 -0.382750 0.392023
v 4.550748 -0.410480 -0.427389
v 4.556057 -0.324232 0.390371
v 4.570015 -0.351963 -0.429041
v 4.580234 -0.273816 0.389076
v 4.594192 -0.301546 -0.430336
v 4.609085 -0.231137 0.388123
v 4.623043 -0.258867 -0.431289
v 4.642591 -0.195642 0.387493
v 4.656549 -0.223372 -0.431919
v 4.681058 -0.166741 0.387170
v 4.695016 -0.194471 -0.432242
v 4.725066 -0.144047 0.387152
v 4.739024 -0.171777 -0.432260
v 4.775244 -0.127508 0.387447
v 4.789202 -0.155238 -0.431965
v 4.832057 -0.117342 0.388071
v 4.846014 -0.145072 -0.431342
v 4.896250 -0.113846 0.389046
v 4.910208 -0.141576 -0.430366
v 4.927351 -0.114753 0.389606
v 4.941309 -0.142483 -0.429806
v 4.957592 -0.117504 0.390214
v 4.971550 -0.145235 -0.429198
v 4.986334 -0.122042 0.390858
v 5.000292 -0.149772 -0.428555
v 5.013612 -0.128328 0.391535
v 5.027570 -0.156059 -0.427877
v 5.039474 -0.136335 0.392246
v 5.053432 -0.164065 -0.427166
v 5.063985 -0.146043 0.392992
v 5.077943 -0.173773 -0.426420
v 5.087214 -0.157451 0.393774
v 5.101171 -0.185181 -0.425638
v 5.109235 -0.170574 0.394593
v 5.123193 -0.198304 -0.424819
v 5.130121 -0.185448 0.395453
v 5.144079 -0.213178 -0.423960
v 5.149931 -0.202125 0.396354
v 5.163889 -0.229855 -0.423058
v 5.168711 -0.220666 0.397302
v 5.182669 -0.248396 -0.422110
v 5.186471 -0.241122 0.398296
v 5.200429 -0.268852 -0.421116
v 5.203035 -0.263339 0.399330
v 5.216993 -0.291069 -0.420082
v 5.218238 -0.287171 0.400396
v 5.232196 -0.314901 -0.419016
v 5.232089 -0.312679 0.401495
v 5.246047 -0.340409 -0.417917
v 5.244580 -0.339911 0.402629
v 5.258538 -0.367641 -0.416783
v 5.255693 -0.368908 0.403800
v 5.269651 -0.396638 -0.415612
v 5.265405 -0.399702 0.405008
v 5.279363 -0.427432 -0.414404
v 5.273689 -0.432314 0.406252
v 5.287647 -0.460044 -0.413160
v 5.280517 -0.466758 0.407534
v 5.294475 -0.494488 -0.411878
v 5.285861 -0.503040 0.408853
v 5.299819 -0.530770 -0.410559
v 5.289698 -0.541162 0.410209
v 5.303656 -0.568893 -0.409203
v 5.292005 -0.581121 0.411600
v 5.305963 -0.608851 -0.407812
v 5.292754 -0.622484 0.413013
v 5.306712 -0.650214 -0.406399
v 5.289688 -0.708445 0.415870
v 5.303646 -0.736175 -0.403542
v 5.280741 -0.785649 0.418330
v 5.294699 -0.813379 -0.401082
v 5.266105 -0.854375 0.420406
v 5.280063 -0.882105 -0.399006
v 5.246042 -0.914639 0.422104
v 5.260000 -0.942369 -0.397308
v 5.220846 -0.966606 0.423434
v 5.234804 -0.994336 -0.395979
v 5.190740 -1.010651 0.424411
v 5.204698 -1.038381 -0.395001
v 5.155728 -1.047333 0.425056
v 5.169686 -1.075063 -0.394356
v 5.115489 -1.077233 0.425383
v 5.129447 -1.104963 -0.394029
v 5.069439 -1.100719 0.425393
v 5.083397 -1.128449 -0.394019
v 5.016954 -1.117828 0.425078
v 5.030912 -1.145558 -0.394334
v 4.957589 -1.128335 0.424422
v 4.971547 -1.156065 -0.394990
v 4.891343 -1.131903 0.423415
v 4.905301 -1.159633 -0.395997
v 4.828658 -1.128266 0.422224
v 4.842616 -1.155996 -0.397188
v 4.772783 -1.117615 0.420912
v 4.786741 -1.145345 -0.398500
v 4.723431 -1.100283 0.419484
v 4.737389 -1.128014 -0.399928
v 4.680047 -1.076441 0.417939
v 4.694005 -1.104171 -0.401473
v 4.641953 -1.045932 0.416257
v 4.655911 -1.073662 -0.403155
v 4.608612 -1.008265 0.414415
v 4.622570 -1.035995 -0.404997
v 4.579814 -0.962816 0.412386
v 4.593772 -0.990546 -0.407026
v 4.555675 -0.909067 0.410156
v 4.569633 -0.936797 -0.409256
v 4.536470 -0.846722 0.407719
v 4.550428 -0.874452 -0.411693
v 4.522500 -0.775682 0.405077
v 4.536458 -0.803412 -0.414335
v 4.514010 -0.695971 0.402235
v 4.527968 -0.723701 -0.417177
v 1.073137 -0.404080 0.333745
v 1.087095 -0.431810 -0.485667
v 1.072423 -1.643163 0.375666
v 1.086381 -1.670894 -0.443747
v 1.769625 -1.643163 0.387542
v 1.783583 -1.670894 -0.431870
v 1.770275 -0.515648 0.349396
v 1.784232 -0.543378 -0.470016
v 1.772474 -0.446147 0.347081
v 1.786432 -0.473877 -0.472331
v 1.778832 -0.384220 0.345094
v 1.792789 -0.411950 -0.474318
v 1.789202 -0.329238 0.343410
v 1.803160 -0.356968 -0.476002
v 1.803351 -0.281248 0.342027
v 1.817309 -0.308978 -0.477385
v 1.820979 -0.240189 0.340938
v 1.834936 -0.267919 -0.478475
v 1.841782 -0.205816 0.340129
v 1.855740 -0.233546 -0.479283
v 1.865587 -0.177647 0.339581
v 1.879545 -0.205378 -0.479831
v 1.892520 -0.155044 0.339275
v 1.906478 -0.182775 -0.480137
v 1.923076 -0.137443 0.339200
v 1.937034 -0.165173 -0.480213
v 1.957957 -0.124600 0.339359
v 1.971915 -0.152331 -0.480053
v 1.997790 -0.116638 0.339768
v 2.011748 -0.144368 -0.479644
v 2.043529 -0.113855 0.340453
v 2.057487 -0.141585 -0.478959
v 2.065035 -0.114554 0.340843
v 2.078993 -0.142284 -0.478569
v 2.086350 -0.116695 0.341279
v 2.100308 -0.144425 -0.478134
v 2.106784 -0.120224 0.341746
v 2.120742 -0.147955 -0.477666
v 2.126390 -0.125122 0.342246
v 2.140348 -0.152852 -0.477166
v 2.145230 -0.131378 0.342778
v 2.159188 -0.159108 -0.476634
v 2.163370 -0.139000 0.343345
v 2.177328 -0.166730 -0.476067
v 2.180875 -0.148010 0.343948
v 2.194833 -0.175740 -0.475464
v 2.197803 -0.158444 0.344590
v 2.211761 -0.186175 -0.474822
v 2.214201 -0.170351 0.345272
v 2.228159 -0.198081 -0.474140
v 2.230099 -0.183782 0.345998
v 2.244057 -0.211512 -0.473415
v 2.245516 -0.198792 0.346768
v 2.259474 -0.226522 -0.472644
v 2.260445 -0.215422 0.347585
v 2.274403 -0.243153 -0.471827
v 2.274503 -0.233258 0.348428
v 2.288461 -0.260988 -0.470984
v 2.287326 -0.251861 0.349276
v 2.301284 -0.279591 -0.470136
v 2.298926 -0.271246 0.350130
v 2.312884 -0.298977 -0.469282
v 2.309321 -0.291450 0.350991
v 2.323279 -0.319181 -0.468421
v 2.318522 -0.312509 0.351860
v 2.332480 -0.340239 -0.467552
v 2.326531 -0.334459 0.352739
v 2.340489 -0.362189 -0.466673
v 2.333346 -0.357334 0.353630
v 2.347304 -0.385065 -0.465783
v 2.338957 -0.381165 0.354532
v 2.352915 -0.408896 -0.464881
v 2.343349 -0.405977 0.355446
v 2.357307 -0.433707 -0.463966
v 2.346505 -0.431788 0.356373
v 2.360463 -0.459518 -0.463039
v 2.348407 -0.458613 0.357314
v 2.362365 -0.486344 -0.462099
v 2.349047 -0.487022 0.358286
v 2.363005 -0.514752 -0.461126
v 2.348381 -1.643163 0.397400
v 2.362339 -1.670894 -0.422012
v 3.047478 -1.643163 0.409308
v 3.061436 -1.670894 -0.410104
v 3.048654 0.397377 0.340273
v 3.062612 0.369647 -0.479139
v 2.349556 0.397377 0.328365
v 2.363514 0.369647 -0.491047
v 2.349380 0.090368 0.338752
v 2.363338 0.062638 -0.480660
v 2.418817 0.090368 0.339934
v 2.432775 0.062638 -0.479478
v 2.395532 0.125960 0.338333
v 2.409490 0.098230 -0.481079
v 2.353382 0.180768 0.335761
v 2.367340 0.153038 -0.483652
v 2.308098 0.230638 0.333302
v 2.322056 0.202908 -0.486111
v 2.259681 0.275478 0.330959
v 2.273638 0.247748 -0.488453
v 2.208162 0.315190 0.328738
v 2.222120 0.287459 -0.490674
v 2.153608 0.349679 0.326641
v 2.167566 0.321949 -0.492771
v 2.096111 0.378871 0.324674
v 2.110069 0.351141 -0.494738
v 2.035783 0.402717 0.322840
v 2.049741 0.374986 -0.496573
v 1.972741 0.421202 0.321140
v 1.986699 0.393472 -0.498272
v 1.907089 0.434346 0.319577
v 1.921047 0.406615 -0.499835
v 1.838912 0.442188 0.318150
v 1.852870 0.414458 -0.501262
v 1.767805 0.444804 0.316851
v 1.781763 0.417074 -0.502562
v 1.659539 0.438964 0.315204
v 1.673497 0.411234 -0.504208
v 1.559070 0.421160 0.314095
v 1.573027 0.393429 -0.505317
v 1.466930 0.391083 0.313543
v 1.480887 0.363353 -0.505869
v 1.383568 0.348510 0.313564
v 1.397526 0.320780 -0.505848
v 1.309608 0.293479 0.314167
v 1.323566 0.265748 -0.505245
v 1.245634 0.226360 0.315348
v 1.259592 0.198630 -0.504064
v 1.191965 0.147736 0.317095
v 1.205922 0.120006 -0.502317
v 1.148595 0.058165 0.319387
v 1.162553 0.030435 -0.500025
v 1.115300 -0.041979 0.322209
v 1.129258 -0.069709 -0.497203
v 1.091786 -0.152534 0.325550
v 1.105744 -0.180264 -0.493862
v 1.077790 -0.273482 0.329405
v 1.091747 -0.301212 -0.490007
v -1.038722 -1.044274 0.319437
v -1.024764 -1.072004 -0.499975
v -1.039043 -1.601725 0.338297
v -1.025086 -1.629455 -0.481115
v -0.986450 -1.627282 0.340058
v -0.972492 -1.655012 -0.479355
v -0.958762 -1.638644 0.340914
v -0.944805 -1.666375 -0.478498
v -0.929417 -1.648779 0.341757
v -0.915460 -1.676510 -0.477656
v -0.898413 -1.657735 0.342588
v -0.884455 -1.685465 -0.476824
v -0.865739 -1.665553 0.343409
v -0.851782 -1.693283 -0.476003
v -0.831383 -1.672265 0.344221
v -0.817426 -1.699996 -0.475191
v -0.795330 -1.677901 0.345026
v -0.781372 -1.705631 -0.474386
v -0.757563 -1.682481 0.345824
v -0.743605 -1.710211 -0.473588
v -0.718067 -1.686023 0.346617
v -0.704109 -1.713753 -0.472795
v -0.676829 -1.688540 0.347405
v -0.662871 -1.716270 -0.472007
v -0.633835 -1.690045 0.348188
v -0.619877 -1.717775 -0.471224
v -0.588212 -1.690554 0.348982
v -0.574255 -1.718284 -0.470430
v -0.483107 -1.685808 0.350612
v -0.469149 -1.713539 -0.468800
v -0.385263 -1.671294 0.351788
v -0.371305 -1.699024 -0.467625
v -0.295494 -1.646765 0.352487
v -0.281536 -1.674496 -0.466926
v -0.214027 -1.611938 0.352696
v -0.200069 -1.639669 -0.466716
v -0.141302 -1.566640 0.352401
v -0.127344 -1.594371 -0.467011
v -0.077895 -1.510952 0.351597
v -0.063938 -1.538683 -0.467815
v -0.024329 -1.445257 0.350286
v -0.010371 -1.472987 -0.469126
v 0.019127 -1.370120 0.348484
v 0.033084 -1.397850 -0.470928
v 0.052500 -1.286073 0.346208
v 0.066458 -1.313803 -0.473204
v 0.076020 -1.193468 0.343475
v 0.089978 -1.221198 -0.475938
v 0.089974 -1.092458 0.340294
v 0.103932 -1.120188 -0.479118
v 0.094577 -0.984010 0.336702
v 0.108534 -1.011740 -0.482710
v 0.095061 -0.144128 0.308288
v 0.109018 -0.171858 -0.511125
v 0.409784 -0.144128 0.313649
v 0.423742 -0.171858 -0.505764
v 0.410096 0.397377 0.295328
v 0.424054 0.369647 -0.524084
v 0.095373 0.397377 0.289968
v 0.109331 0.369647 -0.529445
v 0.095607 0.803919 0.276213
v 0.109565 0.776189 -0.543199
v -0.601480 1.003035 0.257601
v -0.587522 0.975305 -0.561811
v -0.601829 0.397377 0.278091
v -0.587871 0.369647 -0.541321
v -1.037891 0.397377 0.270664
v -1.023934 0.369647 -0.548748
v -1.038203 -0.144128 0.288984
v -1.024246 -0.171858 -0.530428
v -0.602141 -0.144128 0.296412
v -0.588183 -0.171858 -0.523001
v -0.602564 -0.877872 0.321235
v -0.588606 -0.905602 -0.498177
v -0.604165 -0.923482 0.322752
v -0.590207 -0.951212 -0.496660
v -0.608721 -0.963443 0.324026
v -0.594763 -0.991173 -0.495386
v -0.616063 -0.998482 0.325087
v -0.602106 -1.026212 -0.494325
v -0.625931 -1.028606 0.325938
v -0.611973 -1.056336 -0.493474
v -0.638028 -1.053966 0.326591
v -0.624070 -1.081696 -0.492822
v -0.652118 -1.074918 0.327060
v -0.638161 -1.102648 -0.492352
v -0.668173 -1.092015 0.327365
v -0.654215 -1.119745 -0.492047
v -0.686490 -1.105849 0.327521
v -0.672533 -1.133579 -0.491891
v -0.707648 -1.116817 0.327532
v -0.693690 -1.144547 -0.491880
v -0.732280 -1.124978 0.327388
v -0.718322 -1.152708 -0.492024
v -0.760857 -1.130119 0.327075
v -0.746900 -1.157849 -0.492337
v -0.794266 -1.131948 0.326568
v -0.780308 -1.159678 -0.492844
v -0.806941 -1.131642 0.326342
v -0.792983 -1.159373 -0.493070
v -0.820497 -1.130667 0.326078
v -0.806539 -1.158397 -0.493334
v -0.834186 -1.129034 0.325790
v -0.820229 -1.156764 -0.493622
v -0.848021 -1.126735 0.325476
v -0.834064 -1.154465 -0.493936
v -0.862013 -1.123760 0.325137
v -0.848055 -1.151490 -0.494275
v -0.876168 -1.120098 0.324772
v -0.862210 -1.147829 -0.494640
v -0.890494 -1.115740 0.324381
v -0.876536 -1.143471 -0.495031
v -0.904994 -1.110675 0.323962
v -0.891036 -1.138405 -0.495450
v -0.919671 -1.104892 0.323517
v -0.905714 -1.132622 -0.495896
v -0.934525 -1.098382 0.323043
v -0.920568 -1.126112 -0.496369
v -0.949555 -1.091136 0.322542
v -0.935598 -1.118866 -0.496870
v -3.518024 -1.046701 0.277287
v -3.504066 -1.074431 -0.542125
v -3.518368 -1.643163 0.297467
v -3.504410 -1.670894 -0.521945
v -1.799263 -1.643163 0.326750
v -1.785305 -1.670894 -0.492662
v -1.797639 1.174374 0.231427
v -1.783682 1.146644 -0.587985
v -2.510008 1.174374 0.219293
v -2.496050 1.146644 -0.600119
v -2.511288 -1.046701 0.294436
v -2.497330 -1.074431 -0.524976
v -4.019094 1.174374 0.193587
v -4.005136 1.146644 -0.625825
v -5.186484 1.174374 0.173702
v -5.172526 1.146644 -0.645710
v -5.186815 0.600652 0.193112
v -5.172857 0.572922 -0.626300
v -4.959305 0.600652 0.196988
v -4.945347 0.572922 -0.622425
v -4.960268 -1.069442 0.253490
v -4.946310 -1.097172 -0.565922
v -5.187777 -1.069442 0.249614
v -5.173819 -1.097172 -0.569798
v -5.188108 -1.643163 0.269024
v -5.174150 -1.670894 -0.550388
v -4.020718 -1.643163 0.288910
v -4.006760 -1.670894 -0.530502
v -4.020387 -1.069442 0.269500
v -4.006429 -1.097172 -0.549912
v -4.247898 -1.069442 0.265624
v -4.233940 -1.097172 -0.553788
v -4.246935 0.600652 0.209122
v -4.232977 0.572922 -0.610290
v -4.019424 0.600652 0.212997
v -4.005466 0.572922 -0.606415
v -7.858183 -0.404080 0.181610
v -7.844225 -0.431810 -0.637802
v -7.858898 -1.643163 0.223531
v -7.844940 -1.670894 -0.595882
v -7.161696 -1.643163 0.235407
v -7.147738 -1.670894 -0.584006
v -7.161046 -0.515648 0.197261
v -7.147088 -0.543378 -0.622151
v -7.158846 -0.446147 0.194946
v -7.144888 -0.473878 -0.624466
v -7.152489 -0.384220 0.192959
v -7.138531 -0.411950 -0.626453
v -7.142118 -0.329238 0.191275
v -7.128160 -0.356968 -0.628137
v -7.127969 -0.281248 0.189892
v -7.114011 -0.308978 -0.629520
v -7.110341 -0.240189 0.188802
v -7.096383 -0.267919 -0.630610
v -7.089538 -0.205816 0.187994
v -7.075580 -0.233546 -0.631419
v -7.065732 -0.177647 0.187446
v -7.051775 -0.205378 -0.631966
v -7.038800 -0.155044 0.187140
v -7.024842 -0.182774 -0.632272
v -7.008244 -0.137443 0.187064
v -6.994286 -0.165173 -0.632348
v -6.973362 -0.124600 0.187224
v -6.959404 -0.152331 -0.632188
v -6.933530 -0.116638 0.187633
v -6.919572 -0.144368 -0.631779
v -6.887791 -0.113855 0.188318
v -6.873833 -0.141585 -0.631094
v -6.866286 -0.114554 0.188708
v -6.852328 -0.142284 -0.630704
v -6.844970 -0.116695 0.189144
v -6.831012 -0.144425 -0.630269
v -6.824536 -0.120224 0.189611
v -6.810578 -0.147955 -0.629801
v -6.804930 -0.125122 0.190111
v -6.790972 -0.152852 -0.629301
v -6.786091 -0.131378 0.190643
v -6.772133 -0.159108 -0.628769
v -6.767951 -0.139000 0.191210
v -6.753993 -0.166730 -0.628202
v -6.750446 -0.148010 0.191813
v -6.736488 -0.175740 -0.627599
v -6.733518 -0.158444 0.192455
v -6.719560 -0.186175 -0.626957
v -6.717120 -0.170351 0.193137
v -6.703162 -0.198081 -0.626275
v -6.701221 -0.183782 0.193862
v -6.687263 -0.211512 -0.625550
v -6.685805 -0.198792 0.194633
v -6.671847 -0.226522 -0.624779
v -6.670876 -0.215423 0.195450
v -6.656918 -0.243153 -0.623962
v -6.656817 -0.233258 0.196293
v -6.642859 -0.260988 -0.623119
v -6.643994 -0.251861 0.197141
v -6.630036 -0.279591 -0.622271
v -6.632394 -0.271247 0.197995
v -6.618436 -0.298977 -0.621417
v -6.621999 -0.291450 0.198856
v -6.608041 -0.319181 -0.620556
v -6.612799 -0.312509 0.199725
v -6.598841 -0.340239 -0.619687
v -6.604789 -0.334459 0.200604
v -6.590831 -0.362189 -0.618808
v -6.597974 -0.357335 0.201494
v -6.584016 -0.385065 -0.617918
v -6.592363 -0.381165 0.202397
v -6.578405 -0.408896 -0.617016
v -6.587971 -0.405977 0.203311
v -6.574013 -0.433707 -0.616101
v -6.584816 -0.431788 0.204238
v -6.570858 -0.459518 -0.615174
v -6.582914 -0.458613 0.205178
v -6.568956 -0.486344 -0.614234
v -6.582274 -0.487022 0.206151
v -6.568316 -0.514752 -0.613261
v -6.582941 -1.643163 0.245265
v -6.568983 -1.670894 -0.574147
v -5.883842 -1.643163 0.257173
v -5.869884 -1.670894 -0.562239
v -5.882667 0.397377 0.188138
v -5.868709 0.369647 -0.631274
v -6.581765 0.397377 0.176230
v -6.567807 0.369647 -0.643182
v -6.581942 0.090368 0.186617
v -6.567984 0.062638 -0.632796
v -6.512504 0.090368 0.187799
v -6.498546 0.062638 -0.631613
v -6.535788 0.125960 0.186198
v -6.521830 0.098230 -0.633214
v -6.577937 0.180768 0.183626
v -6.563979 0.153038 -0.635787
v -6.623222 0.230638 0.181166
v -6.609264 0.202908 -0.638246
v -6.671640 0.275478 0.178824
v -6.657682 0.247748 -0.640588
v -6.723158 0.315190 0.176603
v -6.709200 0.287459 -0.642809
v -6.777712 0.349679 0.174506
v -6.763754 0.321949 -0.644906
v -6.835209 0.378871 0.172539
v -6.821251 0.351141 -0.646873
v -6.895537 0.402717 0.170704
v -6.881579 0.374986 -0.648708
v -6.958579 0.421202 0.169005
v -6.944621 0.393472 -0.650407
v -7.024231 0.434346 0.167442
v -7.010273 0.406615 -0.651970
v -7.092408 0.442188 0.166015
v -7.078450 0.414458 -0.653397
v -7.163515 0.444804 0.164715
v -7.149557 0.417074 -0.654697
v -7.271781 0.438964 0.163069
v -7.257823 0.411234 -0.656343
v -7.372251 0.421160 0.161960
v -7.358293 0.393429 -0.657452
v -7.464391 0.391083 0.161408
v -7.450433 0.363353 -0.658004
v -7.547753 0.348510 0.161429
v -7.533795 0.320780 -0.657983
v -7.621712 0.293479 0.162032
v -7.607754 0.265748 -0.657380
v -7.685687 0.226360 0.163213
v -7.671729 0.198630 -0.656199
v -7.739356 0.147736 0.164960
v -7.725398 0.120006 -0.654452
v -7.782725 0.058165 0.167252
v -7.768767 0.030435 -0.652160
v -7.816020 -0.041979 0.170074
v -7.802062 -0.069710 -0.649338
v -7.839534 -0.152534 0.173415
v -7.825576 -0.180264 -0.645997
v -7.853529 -0.273481 0.177270
v -7.839571 -0.301212 -0.642142
v -10.540426 -0.540834 0.140549
v -10.526468 -0.568564 -0.678863
v -10.540601 -0.843425 0.150786
v -10.526643 -0.871155 -0.668626
v -9.280672 -0.843425 0.172248
v -9.266714 -0.871155 -0.647164
v -9.281735 -0.851999 0.172520
v -9.267777 -0.879729 -0.646892
v -9.295223 -0.907689 0.174175
v -9.281265 -0.935420 -0.645237
v -9.314236 -0.957043 0.175521
v -9.300278 -0.984773 -0.643891
v -9.338609 -1.000422 0.176574
v -9.324651 -1.028152 -0.642838
v -9.368379 -1.038313 0.177349
v -9.354421 -1.066043 -0.642063
v -9.403825 -1.071185 0.177858
v -9.389867 -1.098915 -0.641554
v -9.445403 -1.099329 0.178102
v -9.431445 -1.127059 -0.641310
v -9.493585 -1.122789 0.178075
v -9.479627 -1.150519 -0.641337
v -9.548723 -1.141420 0.177766
v -9.534765 -1.169150 -0.641646
v -9.611005 -1.154989 0.177165
v -9.597047 -1.182719 -0.642247
v -9.680487 -1.163266 0.176261
v -9.666529 -1.190996 -0.643151
v -9.757484 -1.166075 0.175045
v -9.743526 -1.193805 -0.644367
v -9.807911 -1.165070 0.174152
v -9.793953 -1.192801 -0.645260
v -9.857607 -1.162039 0.173203
v -9.843649 -1.189769 -0.646209
v -9.906155 -1.156998 0.172205
v -9.892197 -1.184729 -0.647207
v -9.953563 -1.149957 0.171159
v -9.939605 -1.177687 -0.648253
v -9.999846 -1.140921 0.170065
v -9.985888 -1.168652 -0.649347
v -10.045015 -1.129898 0.168923
v -10.031057 -1.157629 -0.650489
v -10.089087 -1.116892 0.167732
v -10.075129 -1.144622 -0.651680
v -10.132077 -1.101902 0.166492
v -10.118119 -1.129633 -0.652920
v -10.174005 -1.084930 0.165204
v -10.160047 -1.112661 -0.654208
v -10.214886 -1.065971 0.163866
v -10.200928 -1.093702 -0.655546
v -10.254736 -1.045019 0.162478
v -10.240778 -1.072750 -0.656934
v -10.370044 -0.976872 0.158208
v -10.356086 -1.004602 -0.661205
v -10.370360 -1.527413 0.176833
v -10.356402 -1.555144 -0.642579
v -10.295586 -1.564828 0.179373
v -10.281628 -1.592558 -0.640039
v -10.244994 -1.586867 0.180981
v -10.231036 -1.614597 -0.638431
v -10.192231 -1.606741 0.182552
v -10.178273 -1.634471 -0.636860
v -10.137310 -1.624462 0.184087
v -10.123352 -1.652193 -0.635325
v -10.080242 -1.640048 0.185587
v -10.066284 -1.667778 -0.633825
v -10.021034 -1.653514 0.187051
v -10.007076 -1.681244 -0.632361
v -9.959688 -1.664874 0.188481
v -9.945730 -1.692604 -0.630931
v -9.896207 -1.674143 0.189876
v -9.882249 -1.701873 -0.629536
v -9.830587 -1.681334 0.191237
v -9.816629 -1.709064 -0.628175
v -9.762829 -1.686458 0.192564
v -9.748871 -1.714188 -0.626848
v -9.692928 -1.689526 0.193859
v -9.678970 -1.717256 -0.625553
v -9.620631 -1.690550 0.195125
v -9.606673 -1.718280 -0.624287
v -9.541541 -1.688689 0.196409
v -9.527583 -1.716419 -0.623003
v -9.464985 -1.683071 0.197523
v -9.451027 -1.710801 -0.621889
v -9.391179 -1.673674 0.198462
v -9.377221 -1.701404 -0.620950
v -9.320133 -1.660467 0.199226
v -9.306175 -1.688198 -0.620186
v -9.251864 -1.643421 0.199812
v -9.237906 -1.671151 -0.619601
v -9.186406 -1.622506 0.200219
v -9.172448 -1.650236 -0.619193
v -9.123796 -1.597701 0.200446
v -9.109838 -1.625432 -0.618966
v -9.064079 -1.568993 0.200492
v -9.050121 -1.596723 -0.618921
v -9.007318 -1.536378 0.200355
v -8.993361 -1.564108 -0.619057
v -8.953570 -1.499870 0.200035
v -8.939612 -1.527600 -0.619377
v -8.902893 -1.459494 0.199532
v -8.888935 -1.487225 -0.619881
v -8.855345 -1.415295 0.198846
v -8.841387 -1.443025 -0.620566
v -8.811275 -1.367673 0.197985
v -8.797317 -1.395403 -0.621427
v -8.771022 -1.317007 0.196956
v -8.757064 -1.344738 -0.622456
v -8.734617 -1.263335 0.195760
v -8.720659 -1.291065 -0.623652
v -8.702085 -1.206713 0.194398
v -8.688128 -1.234443 -0.625015
v -8.673440 -1.147199 0.192871
v -8.659482 -1.174929 -0.626541
v -8.648681 -1.084847 0.191183
v -8.634723 -1.112578 -0.628229
v -8.627795 -1.019709 0.189335
v -8.613837 -1.047439 -0.630078
v -8.610762 -0.951821 0.187327
v -8.596804 -0.979552 -0.632085
v -8.597552 -0.881215 0.185163
v -8.583594 -0.908945 -0.634249
v -8.588140 -0.807909 0.182842
v -8.574183 -0.835639 -0.636570
v -8.582496 -0.731915 0.180367
v -8.568538 -0.759645 -0.639045
v -8.580588 -0.653191 0.177735
v -8.566630 -0.680921 -0.641677
v -8.582553 -0.571545 0.174939
v -8.568595 -0.599275 -0.644473
v -8.588557 -0.492521 0.172162
v -8.574599 -0.520251 -0.647250
v -8.598630 -0.416131 0.169405
v -8.584672 -0.443861 -0.650007
v -8.612799 -0.342391 0.166668
v -8.598841 -0.370121 -0.652744
v -8.631088 -0.271325 0.163952
v -8.617130 -0.299055 -0.655460
v -8.653523 -0.202967 0.161256
v -8.639565 -0.230697 -0.658156
v -8.680116 -0.137360 0.158583
v -8.666158 -0.165090 -0.660829
v -8.710873 -0.074552 0.155934
v -8.696915 -0.102283 -0.663478
v -8.745788 -0.014598 0.153310
v -8.731830 -0.042328 -0.666102
v -8.784842 0.042451 0.150714
v -8.770884 0.014721 -0.668698
v -8.828002 0.096545 0.148148
v -8.814044 0.068814 -0.671264
v -8.875153 0.147556 0.145619
v -8.861195 0.119826 -0.673793
v -8.925149 0.194892 0.143165
v -8.911191 0.167161 -0.676247
v -8.977057 0.238137 0.140818
v -8.963099 0.210407 -0.678594
v -9.030972 0.277353 0.138572
v -9.017014 0.249623 -0.680840
v -9.086868 0.312502 0.136431
v -9.072910 0.284771 -0.682981
v -9.144717 0.343548 0.134395
v -9.130759 0.315818 -0.685018
v -9.204478 0.370464 0.132466
v -9.190520 0.342734 -0.686946
v -9.266106 0.393229 0.130646
v -9.252148 0.365499 -0.688767
v -9.329552 0.411833 0.128935
v -9.315594 0.384103 -0.690477
v -9.394770 0.426277 0.127336
v -9.380812 0.398547 -0.692077
v -9.461717 0.436570 0.125847
v -9.447759 0.408840 -0.693565
v -9.530355 0.442729 0.124469
v -9.516397 0.414998 -0.694943
v -9.600580 0.444773 0.123204
v -9.586622 0.417043 -0.696208
v -9.672716 0.442955 0.122037
v -9.658758 0.415225 -0.697375
v -9.742246 0.437487 0.121037
v -9.728288 0.409757 -0.698375
v -9.809286 0.428335 0.120205
v -9.795328 0.400605 -0.699207
v -9.873816 0.415464 0.119541
v -9.859859 0.387734 -0.699871
v -9.935814 0.398844 0.119048
v -9.921856 0.371114 -0.700364
v -9.995239 0.378447 0.118726
v -9.981281 0.350717 -0.700686
v -10.052039 0.354253 0.118577
v -10.038081 0.326523 -0.700835
v -10.106159 0.326255 0.118603
v -10.092201 0.298525 -0.700809
v -10.157531 0.294461 0.118804
v -10.143573 0.266731 -0.700608
v -10.206094 0.258896 0.119180
v -10.192136 0.231166 -0.700232
v -10.251786 0.219598 0.119732
v -10.237828 0.191868 -0.699681
v -10.294524 0.176656 0.120457
v -10.280566 0.148926 -0.698955
v -10.334014 0.130636 0.121342
v -10.320056 0.102905 -0.698071
v -10.370040 0.082001 0.122374
v -10.356082 0.054271 -0.697038
v -10.402616 0.030747 0.123553
v -10.388658 0.003017 -0.695859
v -10.431721 -0.023078 0.124879
v -10.417763 -0.050808 -0.694533
v -10.457347 -0.079423 0.126349
v -10.443389 -0.107154 -0.693063
v -10.479499 -0.138243 0.127963
v -10.465541 -0.165974 -0.691449
v -10.498186 -0.199497 0.129717
v -10.484228 -0.227227 -0.689695
v -10.513429 -0.263150 0.131612
v -10.499471 -0.290881 -0.687800
v -10.525250 -0.329180 0.133645
v -10.511292 -0.356910 -0.685767
v -10.533677 -0.397567 0.135816
v -10.519719 -0.425297 -0.683596
v -10.538731 -0.468303 0.138123
v -10.524773 -0.496033 -0.681289
v -9.278061 -0.375830 0.156468
v -9.264103 -0.403560 -0.662944
v -9.883049 -0.375830 0.146163
v -9.869091 -0.403560 -0.673249
v -9.882589 -0.362962 0.145735
v -9.868631 -0.390693 -0.673677
v -9.876028 -0.306498 0.143936
v -9.862070 -0.334228 -0.675476
v -9.865357 -0.256538 0.142427
v -9.851399 -0.284268 -0.676985
v -9.850843 -0.213065 0.141203
v -9.836885 -0.240796 -0.678209
v -9.832778 -0.175911 0.140254
v -9.818820 -0.203641 -0.679159
v -9.811382 -0.144698 0.139562
v -9.797424 -0.172428 -0.679850
v -9.786656 -0.118866 0.139109
v -9.772698 -0.146597 -0.680303
v -9.758272 -0.097836 0.138880
v -9.744314 -0.125567 -0.680532
v -9.725647 -0.081245 0.138875
v -9.711689 -0.108975 -0.680537
v -9.688162 -0.069060 0.139101
v -9.674204 -0.096790 -0.680311
v -9.645370 -0.061508 0.139574
v -9.631413 -0.089239 -0.679838
v -9.596706 -0.058894 0.140315
v -9.582748 -0.086625 -0.679097
v -9.576973 -0.059583 0.140674
v -9.563015 -0.087314 -0.678738
v -9.557402 -0.061681 0.141079
v -9.543444 -0.089412 -0.678334
v -9.538423 -0.065153 0.141519
v -9.524465 -0.092883 -0.677893
v -9.519976 -0.069992 0.141997
v -9.506018 -0.097723 -0.677415
v -9.501995 -0.076209 0.142514
v -9.488037 -0.103939 -0.676898
v -9.484422 -0.083827 0.143071
v -9.470464 -0.111557 -0.676341
v -9.467200 -0.092881 0.143671
v -9.453242 -0.120611 -0.675741
v -9.450293 -0.103417 0.144315
v -9.436335 -0.131147 -0.675097
v -9.433667 -0.115484 0.145007
v -9.419709 -0.143214 -0.674405
v -9.417315 -0.129130 0.145747
v -9.403357 -0.156860 -0.673665
v -9.401234 -0.144400 0.146538
v -9.387276 -0.172130 -0.672874
v -9.385408 -0.161357 0.147381
v -9.371450 -0.189088 -0.672031
v -9.370191 -0.179585 0.148258
v -9.356233 -0.207316 -0.671155
v -9.355976 -0.198579 0.149142
v -9.342018 -0.226309 -0.670270
v -9.342793 -0.218306 0.150035
v -9.328835 -0.246037 -0.669378
v -9.330628 -0.238788 0.150935
v -9.316670 -0.266518 -0.668477
v -9.319474 -0.260046 0.151844
v -9.305516 -0.287776 -0.667568
v -9.309323 -0.282099 0.152764
v -9.295365 -0.309829 -0.666649
v -9.300180 -0.304967 0.153693
v -9.286222 -0.332697 -0.665719
v -9.292043 -0.328670 0.154634
v -9.278085 -0.356401 -0.664778
v -9.284919 -0.353227 0.155586
v -9.270961 -0.380957 -0.663826
v -9.278813 -0.378649 0.156551
v -9.264855 -0.406379 -0.662861
v -9.273738 -0.404951 0.157527
v -9.259780 -0.432681 -0.661885
vn 0.0170 -0.0338 -0.9993
vn 0.0171 -0.0338 -0.9993
vn -0.0170 0.0338 0.9993
vn -0.0169 0.0338 0.9993
vn -0.0171 0.0338 0.9993
vn -0.7066 0.7067 -0.0360
vn -0.7074 -0.7067 0.0119
vn 0.7066 -0.7067 0.0360
vn 0.7074 0.7067 -0.0119
vn -0.8271 0.5611 -0.0331
vn -0.5214 -0.8531 0.0200
vn 0.4359 -0.8992 0.0379
vn 0.3940 -0.9183 0.0378
vn 0.3519 -0.9353 0.0376
vn 0.3097 -0.9501 0.0374
vn 0.2679 -0.9627 0.0371
vn 0.2265 -0.9733 0.0368
vn 0.1860 -0.9819 0.0364
vn 0.1463 -0.9886 0.0359
vn 0.1077 -0.9935 0.0355
vn 0.0704 -0.9969 0.0349
vn 0.0343 -0.9988 0.0344
vn -0.0075 -0.9994 0.0337
vn -0.0644 -0.9974 0.0327
vn -0.1317 -0.9908 0.0313
vn -0.2025 -0.9788 0.0297
vn -0.2759 -0.9608 0.0278
vn -0.3506 -0.9362 0.0257
vn -0.4252 -0.9048 0.0234
vn -0.4982 -0.8668 0.0208
vn -0.5679 -0.8229 0.0182
vn -0.6332 -0.7739 0.0154
vn -0.6928 -0.7210 0.0126
vn -0.7461 -0.6657 0.0098
vn -0.7927 -0.6095 0.0071
vn -0.8331 -0.5531 0.0045
vn -0.8683 -0.4961 0.0020
vn -0.8987 -0.4387 -0.0005
vn -0.9243 -0.3817 -0.0028
vn -0.9454 -0.3259 -0.0051
vn -0.9623 -0.2719 -0.0072
vn -0.9755 -0.2200 -0.0092
vn -0.9853 -0.1706 -0.0110
vn -0.9922 -0.1239 -0.0127
vn -0.9967 -0.0800 -0.0143
vn -0.9991 -0.0388 -0.0157
vn -0.9998 -0.0094 -0.0167
vn 0.8280 -0.5598 0.0330
vn 0.9130 0.4079 0.0017
vn 0.8765 0.4813 -0.0014
vn 0.8292 0.5590 -0.0048
vn 0.7694 0.6388 -0.0085
vn 0.6963 0.7177 -0.0124
vn 0.6103 0.7920 -0.0164
vn 0.5134 0.8579 -0.0203
vn 0.4091 0.9122 -0.0239
vn 0.3018 0.9530 -0.0271
vn 0.1958 0.9802 -0.0298
vn 0.0949 0.9950 -0.0321
vn 0.0183 0.9993 -0.0335
vn -0.0204 0.9992 -0.0342
vn -0.0428 0.9985 -0.0345
vn -0.0669 0.9971 -0.0349
vn -0.0930 0.9950 -0.0353
vn -0.1213 0.9920 -0.0356
vn -0.1518 0.9878 -0.0360
vn -0.1849 0.9821 -0.0364
vn -0.2206 0.9747 -0.0367
vn -0.2593 0.9651 -0.0371
vn -0.3010 0.9529 -0.0374
vn -0.3459 0.9375 -0.0376
vn -0.7037 -0.7104 0.0121
vn -0.6500 -0.7598 0.0146
vn -0.5924 -0.8055 0.0172
vn -0.5315 -0.8468 0.0196
vn -0.4686 -0.8832 0.0219
vn -0.4046 -0.9142 0.0240
vn -0.3407 -0.9398 0.0260
vn -0.2778 -0.9602 0.0278
vn -0.2168 -0.9758 0.0293
vn -0.1582 -0.9869 0.0307
vn -0.1026 -0.9942 0.0319
vn -0.0501 -0.9982 0.0329
vn -0.0008 -0.9994 0.0338
vn 0.0482 -0.9982 0.0346
vn 0.0999 -0.9944 0.0354
vn 0.1549 -0.9873 0.0360
vn 0.2127 -0.9764 0.0367
vn 0.2732 -0.9612 0.0372
vn 0.3356 -0.9413 0.0376
vn 0.3991 -0.9161 0.0378
vn 0.4629 -0.8856 0.0379
vn 0.5259 -0.8497 0.0377
vn 0.5869 -0.8088 0.0374
vn 0.6450 -0.7633 0.0368
vn 0.6990 -0.7142 0.0361
vn 0.7491 -0.6615 0.0351
vn 0.7956 -0.6048 0.0340
vn 0.8381 -0.5445 0.0327
vn 0.8758 -0.4816 0.0312
vn 0.9084 -0.4171 0.0296
vn 0.9355 -0.3521 0.0279
vn 0.9573 -0.2878 0.0260
vn 0.9741 -0.2249 0.0242
vn 0.9862 -0.1643 0.0224
vn 0.9941 -0.1064 0.0205
vn 0.9985 -0.0518 0.0188
vn 0.9999 0.0001 0.0170
vn 0.9985 0.0521 0.0152
vn 0.9941 0.1073 0.0133
vn 0.9861 0.1659 0.0112
vn 0.9737 0.2275 0.0089
vn 0.9565 0.2916 0.0064
vn 0.9340 0.3573 0.0038
vn 0.9058 0.4237 0.0011
vn 0.8719 0.4897 -0.0017
vn 0.8324 0.5542 -0.0046
vn 0.7879 0.6158 -0.0074
vn 0.7391 0.6735 -0.0102
vn 0.6873 0.7262 -0.0129
vn 0.6332 0.7738 -0.0154
vn 0.5761 0.8172 -0.0178
vn 0.5163 0.8561 -0.0202
vn 0.4548 0.8903 -0.0224
vn 0.3925 0.9194 -0.0244
vn 0.3304 0.9435 -0.0263
vn 0.2695 0.9626 -0.0280
vn 0.2104 0.9772 -0.0295
vn 0.1536 0.9877 -0.0308
vn 0.0997 0.9945 -0.0320
vn 0.0487 0.9983 -0.0330
vn 0.0004 0.9994 -0.0338
vn -0.0484 0.9982 -0.0346
vn -0.1004 0.9943 -0.0354
vn -0.1556 0.9872 -0.0361
vn -0.2138 0.9762 -0.0367
vn -0.2746 0.9608 -0.0372
vn -0.3374 0.9406 -0.0376
vn -0.4014 0.9151 -0.0378
vn -0.4656 0.8842 -0.0379
vn -0.5289 0.8479 -0.0377
vn -0.5902 0.8064 -0.0373
vn -0.6485 0.7603 -0.0368
vn -0.7021 0.7112 -0.0360
vn -0.7507 0.6597 -0.0351
vn -0.7956 0.6048 -0.0340
vn -0.8370 0.5462 -0.0327
vn -0.8741 0.4847 -0.0313
vn -0.9064 0.4213 -0.0297
vn -0.9337 0.3569 -0.0280
vn -0.9558 0.2927 -0.0262
vn -0.9730 0.2295 -0.0243
vn -0.9855 0.1682 -0.0225
vn -0.9938 0.1093 -0.0206
vn -0.9984 0.0532 -0.0188
vn -0.9999 0.0006 -0.0171
vn -0.9986 -0.0510 -0.0153
vn -0.9944 -0.1049 -0.0134
vn -0.9867 -0.1619 -0.0113
vn -0.9750 -0.2218 -0.0091
vn -0.9588 -0.2841 -0.0067
vn -0.9375 -0.3479 -0.0042
vn -0.9110 -0.4125 -0.0016
vn -0.8790 -0.4768 0.0012
vn -0.8418 -0.5398 0.0039
vn -0.7998 -0.6003 0.0067
vn -0.7536 -0.6573 0.0094
vn 0.9999 -0.0011 0.0171
vn 0.9971 -0.0740 0.0195
vn 0.9870 -0.1595 0.0222
vn 0.9655 -0.2591 0.0252
vn 0.9276 -0.3725 0.0284
vn 0.8673 -0.4967 0.0316
vn 0.7803 -0.6245 0.0344
vn 0.6662 -0.7449 0.0366
vn 0.5311 -0.8465 0.0377
vn 0.3865 -0.9215 0.0378
vn 0.2447 -0.9689 0.0370
vn 0.1150 -0.9927 0.0356
vn 0.0120 -0.9993 0.0340
vn -0.0605 -0.9976 0.0327
vn -0.1239 -0.9918 0.0315
vn -0.1910 -0.9811 0.0300
vn -0.2609 -0.9649 0.0282
vn -0.3328 -0.9426 0.0262
vn -0.4054 -0.9138 0.0240
vn -0.4772 -0.8785 0.0216
vn -0.5469 -0.8370 0.0190
vn -0.6129 -0.7900 0.0163
vn -0.6741 -0.7385 0.0135
vn -0.7296 -0.6838 0.0107
vn -0.7791 -0.6268 0.0079
vn -0.8230 -0.5680 0.0052
vn -0.8615 -0.5077 0.0025
vn -0.8944 -0.4473 -0.0001
vn -0.9218 -0.3877 -0.0026
vn -0.9441 -0.3297 -0.0049
vn -0.9617 -0.2738 -0.0071
vn -0.9753 -0.2207 -0.0091
vn -0.9853 -0.1705 -0.0110
vn -0.9923 -0.1234 -0.0127
vn -0.9967 -0.0794 -0.0143
vn -0.9991 -0.0384 -0.0157
vn -0.9998 0.0082 -0.0173
vn -0.9970 0.0748 -0.0195
vn -0.9867 0.1612 -0.0223
vn -0.9648 0.2617 -0.0253
vn -0.9262 0.3761 -0.0285
vn -0.8650 0.5008 -0.0317
vn -0.7769 0.6287 -0.0345
vn -0.6621 0.7485 -0.0366
vn -0.5270 0.8491 -0.0377
vn -0.3829 0.9230 -0.0378
vn -0.2422 0.9695 -0.0369
vn -0.1137 0.9929 -0.0355
vn 0.0026 0.9994 -0.0338
vn 0.1234 0.9919 -0.0315
vn 0.2606 0.9650 -0.0282
vn 0.4084 0.9125 -0.0239
vn 0.5559 0.8311 -0.0187
vn 0.6897 0.7239 -0.0128
vn 0.7994 0.6007 -0.0067
vn 0.8807 0.4736 -0.0010
vn 0.9357 0.3528 0.0040
vn 0.9697 0.2443 0.0082
vn 0.9886 0.1500 0.0118
vn 0.9975 0.0695 0.0146
vn -0.9997 0.0175 -0.0176
vn 0.9997 -0.0155 0.0176
vn 0.9976 -0.0663 0.0192
vn 0.9895 -0.1432 0.0217
vn 0.9720 -0.2336 0.0245
vn 0.9406 -0.3384 0.0275
vn 0.8892 -0.4564 0.0306
vn 0.8120 -0.5826 0.0335
vn 0.7057 -0.7076 0.0360
vn 0.5730 -0.8187 0.0375
vn 0.4235 -0.9051 0.0378
vn 0.2711 -0.9618 0.0372
vn 0.1281 -0.9911 0.0357
vn 0.0136 -0.9993 0.0341
vn -0.0668 -0.9972 0.0326
vn -0.1358 -0.9903 0.0312
vn -0.2070 -0.9779 0.0296
vn -0.2795 -0.9597 0.0277
vn -0.3521 -0.9356 0.0257
vn -0.4233 -0.9057 0.0234
vn -0.4920 -0.8703 0.0211
vn -0.5569 -0.8303 0.0186
vn -0.6172 -0.7866 0.0161
vn -0.6722 -0.7403 0.0136
vn -0.7215 -0.6923 0.0111
vn -0.7653 -0.6436 0.0087
vn -0.8049 -0.5934 0.0064
vn -0.8412 -0.5407 0.0040
vn -0.8741 -0.4857 0.0015
vn -0.9032 -0.4292 -0.0009
vn -0.9283 -0.3719 -0.0032
vn -0.9492 -0.3145 -0.0055
vn -0.9662 -0.2577 -0.0077
vn -0.9793 -0.2022 -0.0098
vn -0.9889 -0.1483 -0.0118
vn -0.9952 -0.0965 -0.0137
vn -0.9988 -0.0472 -0.0154
vn -0.9998 -0.0115 -0.0166
vn 0.8793 -0.4753 0.0311
vn 0.8155 0.5788 -0.0057
vn 0.7673 0.6412 -0.0086
vn 0.7108 0.7033 -0.0117
vn 0.6460 0.7632 -0.0148
vn 0.5735 0.8190 -0.0179
vn 0.4945 0.8689 -0.0210
vn 0.4111 0.9113 -0.0238
vn 0.3254 0.9452 -0.0264
vn 0.2397 0.9704 -0.0288
vn 0.1560 0.9873 -0.0308
vn 0.0762 0.9966 -0.0324
vn -0.0080 0.9994 -0.0340
vn -0.1139 0.9929 -0.0355
vn -0.2425 0.9694 -0.0369
vn -0.3834 0.9228 -0.0378
vn -0.5275 0.8487 -0.0377
vn -0.6626 0.7481 -0.0366
vn -0.7773 0.6281 -0.0345
vn -0.8652 0.5003 -0.0317
vn -0.9263 0.3756 -0.0285
vn -0.9649 0.2614 -0.0253
vn -0.9867 0.1610 -0.0223
vn -0.9970 0.0747 -0.0195
vn -0.5165 0.8554 -0.0377
vn -0.8479 -0.5302 0.0035
vn -0.4091 -0.9122 0.0239
vn -0.3538 -0.9350 0.0256
vn -0.3027 -0.9527 0.0271
vn -0.2558 -0.9663 0.0283
vn -0.2129 -0.9766 0.0294
vn -0.1737 -0.9843 0.0304
vn -0.1380 -0.9899 0.0311
vn -0.1055 -0.9939 0.0318
vn -0.0757 -0.9966 0.0324
vn -0.0485 -0.9983 0.0330
vn -0.0236 -0.9992 0.0334
vn 0.0164 -0.9993 0.0341
vn 0.0955 -0.9948 0.0353
vn 0.2050 -0.9781 0.0366
vn 0.3287 -0.9437 0.0375
vn 0.4619 -0.8861 0.0379
vn 0.5961 -0.8021 0.0373
vn 0.7198 -0.6933 0.0357
vn 0.8228 -0.5673 0.0332
vn 0.8998 -0.4352 0.0301
vn 0.9512 -0.3075 0.0266
vn 0.9813 -0.1911 0.0232
vn 0.9958 -0.0891 0.0200
vn 0.9996 -0.0209 0.0177
vn 0.7986 0.6019 -0.0068
vn -0.6016 0.7979 -0.0373
vn -0.9997 0.0172 -0.0176
vn -0.9971 0.0736 -0.0195
vn -0.9871 0.1587 -0.0222
vn -0.9659 0.2578 -0.0252
vn -0.9282 0.3709 -0.0284
vn -0.8684 0.4948 -0.0315
vn -0.7818 0.6225 -0.0344
vn -0.6681 0.7432 -0.0365
vn -0.5331 0.8452 -0.0377
vn -0.3882 0.9208 -0.0378
vn -0.2459 0.9686 -0.0370
vn -0.1155 0.9927 -0.0356
vn -0.0147 0.9993 -0.0341
vn 0.0485 0.9983 -0.0330
vn 0.0957 0.9949 -0.0320
vn 0.1418 0.9894 -0.0311
vn 0.1866 0.9820 -0.0301
vn 0.2298 0.9728 -0.0290
vn 0.2714 0.9621 -0.0279
vn 0.3110 0.9500 -0.0269
vn 0.3488 0.9368 -0.0258
vn 0.3846 0.9228 -0.0247
vn 0.4184 0.9079 -0.0236
vn 0.4503 0.8926 -0.0225
vn 0.4946 0.8689 -0.0210
vn -0.9998 0.0114 -0.0174
vn -0.7494 -0.6620 0.0096
vn -0.9836 0.1788 -0.0228
vn -0.9544 0.2973 -0.0263
vn -0.9047 0.4249 -0.0298
vn -0.8314 0.5547 -0.0329
vn -0.7353 0.6768 -0.0354
vn -0.6219 0.7822 -0.0371
vn -0.5001 0.8651 -0.0378
vn -0.3793 0.9245 -0.0377
vn -0.2665 0.9631 -0.0371
vn -0.1653 0.9856 -0.0362
vn -0.0769 0.9964 -0.0350
vn -0.0077 0.9994 -0.0340
vn 0.0410 0.9986 -0.0331
vn 0.0827 0.9961 -0.0323
vn 0.1257 0.9916 -0.0314
vn 0.1699 0.9850 -0.0304
vn 0.2150 0.9762 -0.0294
vn 0.2607 0.9650 -0.0282
vn 0.3068 0.9514 -0.0270
vn 0.3529 0.9353 -0.0256
vn 0.3986 0.9168 -0.0242
vn 0.4437 0.8959 -0.0228
vn 0.4877 0.8728 -0.0212
vn -0.4950 0.8681 -0.0378
vn -0.8509 -0.5253 0.0033
vn -0.4241 -0.9053 0.0234
vn -0.3766 -0.9260 0.0249
vn -0.3304 -0.9435 0.0263
vn -0.2859 -0.9579 0.0275
vn -0.2433 -0.9695 0.0287
vn -0.2026 -0.9788 0.0297
vn -0.1639 -0.9860 0.0306
vn -0.1273 -0.9914 0.0314
vn -0.0928 -0.9952 0.0321
vn -0.0602 -0.9976 0.0327
vn -0.0296 -0.9990 0.0333
vn 0.0041 -0.9994 0.0339
vn 0.0478 -0.9983 0.0346
vn 0.0992 -0.9944 0.0353
vn 0.1541 -0.9874 0.0360
vn 0.2121 -0.9766 0.0367
vn 0.2730 -0.9613 0.0372
vn 0.3361 -0.9411 0.0376
vn 0.4007 -0.9154 0.0378
vn 0.4658 -0.8841 0.0379
vn 0.5302 -0.8471 0.0377
vn 0.5927 -0.8045 0.0373
vn 0.6523 -0.7571 0.0367
vn 0.7077 -0.7056 0.0359
vn 0.7589 -0.6503 0.0349
vn 0.8057 -0.5913 0.0337
vn 0.8478 -0.5293 0.0324
vn 0.8846 -0.4654 0.0308
vn 0.9157 -0.4008 0.0292
vn 0.9413 -0.3366 0.0274
vn 0.9615 -0.2737 0.0256
vn 0.9768 -0.2130 0.0238
vn 0.9877 -0.1550 0.0221
vn 0.9948 -0.1001 0.0203
vn 0.9986 -0.0485 0.0187
vn 0.9999 0.0005 0.0170
vn 0.9986 0.0504 0.0153
vn 0.9945 0.1038 0.0134
vn 0.9870 0.1602 0.0114
vn 0.9756 0.2194 0.0092
vn 0.9597 0.2809 0.0068
vn 0.9389 0.3441 0.0043
vn 0.9130 0.4080 0.0017
vn 0.8817 0.4718 -0.0009
vn 0.8453 0.5343 -0.0037
vn 0.8041 0.5945 -0.0064
vn 0.7587 0.6514 -0.0091
vn 0.7116 0.7025 -0.0117
vn 0.6644 0.7472 -0.0140
vn 0.6148 0.7885 -0.0162
vn 0.5610 0.8276 -0.0185
vn 0.5034 0.8638 -0.0207
vn 0.4425 0.8965 -0.0228
vn 0.3794 0.9249 -0.0248
vn 0.3147 0.9488 -0.0267
vn 0.2495 0.9679 -0.0285
vn 0.1848 0.9823 -0.0301
vn 0.1213 0.9921 -0.0315
vn 0.0598 0.9977 -0.0327
vn 0.0025 0.9994 -0.0338
vn -0.0513 0.9981 -0.0346
vn -0.1063 0.9937 -0.0354
vn -0.1650 0.9856 -0.0362
vn -0.2269 0.9732 -0.0368
vn -0.2915 0.9558 -0.0373
vn -0.3581 0.9329 -0.0377
vn -0.4256 0.9041 -0.0378
vn -0.4929 0.8692 -0.0378
vn -0.5587 0.8285 -0.0376
vn -0.6217 0.7824 -0.0371
vn -0.6808 0.7316 -0.0364
vn -0.7342 0.6780 -0.0355
vn -0.7816 0.6228 -0.0344
vn -0.8242 0.5654 -0.0332
vn -0.8622 0.5055 -0.0318
vn -0.8954 0.4443 -0.0303
vn -0.9235 0.3826 -0.0287
vn -0.9465 0.3215 -0.0270
vn -0.9787 0.2039 -0.0236
vn -0.9887 0.1486 -0.0219
vn -0.9952 0.0961 -0.0202
vn -0.9987 0.0467 -0.0186
vn 0.6533 0.7570 -0.0145
vn 0.7197 0.6942 -0.0112
vn 0.9970 -0.0750 0.0195
vn 0.9866 -0.1616 0.0223
vn 0.9646 -0.2624 0.0253
vn 0.9258 -0.3770 0.0285
vn 0.8643 -0.5019 0.0317
vn 0.7761 -0.6297 0.0345
vn 0.6611 -0.7494 0.0366
vn 0.3820 -0.9234 0.0378
vn 0.2416 -0.9697 0.0369
vn 0.1134 -0.9929 0.0355
vn 0.0088 -0.9994 0.0340
vn -0.0714 -0.9969 0.0325
vn -0.1440 -0.9891 0.0310
vn -0.2176 -0.9756 0.0293
vn -0.2910 -0.9563 0.0274
vn -0.3630 -0.9314 0.0253
vn -0.4323 -0.9014 0.0231
vn -0.4979 -0.8670 0.0209
vn -0.5589 -0.8290 0.0185
vn -0.6148 -0.7885 0.0162
vn -0.6653 -0.7465 0.0139
vn -0.7104 -0.7037 0.0117
vn -0.7498 -0.6615 0.0096
vn -0.7846 -0.6200 0.0076
vn -0.8164 -0.5774 0.0056
vn -0.8460 -0.5332 0.0036
vn -0.8730 -0.4878 0.0016
vn -0.8972 -0.4415 -0.0003
vn -0.9187 -0.3949 -0.0023
vn -0.9374 -0.3482 -0.0042
vn -0.9533 -0.3020 -0.0060
vn -0.9665 -0.2564 -0.0078
vn -0.9772 -0.2119 -0.0095
vn 0.1681 -0.9851 0.0362
vt 0.585034 0.000000
vt 0.598639 0.000000
vt 0.591837 0.000000
vt 0.605442 0.000000
vt 0.578231 0.000000
vt 0.612245 0.000000
vt 0.571429 0.000000
vt 0.619048 0.000000
vt 0.564626 0.000000
vt 0.625850 0.000000
vt 0.557823 0.000000
vt 0.632653 0.000000
vt 0.551020 0.000000
vt 0.639456 0.000000
vt 0.544218 0.000000
vt 0.646259 0.000000
vt 0.537415 0.000000
vt 0.653061 0.000000
vt 0.530612 0.000000
vt 0.659864 0.000000
vt 0.523810 0.000000
vt 0.666667 0.000000
vt 0.517007 0.000000
vt 0.673469 0.000000
vt 0.510204 0.000000
vt 0.680272 0.000000
vt 0.503401 0.000000
vt 0.687075 0.000000
vt 0.496599 0.000000
vt 0.693878 0.000000
vt 0.489796 0.000000
vt 0.700680 0.000000
vt 0.482993 0.000000
vt 0.843537 0.000000
vt 0.707483 0.000000
vt 0.850340 0.000000
vt 0.836735 0.000000
vt 0.857143 0.000000
vt 0.829932 0.000000
vt 0.863946 0.000000
vt 0.870748 0.000000
vt 0.823129 0.000000
vt 0.877551 0.000000
vt 0.476190 0.000000
vt 0.884354 0.000000
vt 0.714286 0.000000
vt 0.816327 0.000000
vt 0.891156 0.000000
vt 0.897959 0.000000
vt 0.809524 0.000000
vt 0.904762 0.000000
vt 0.911565 0.000000
vt 0.802721 0.000000
vt 0.918367 0.000000
vt 0.469388 0.000000
vt 0.721088 0.000000
vt 0.925170 0.000000
vt 0.795918 0.000000
vt 0.931973 0.000000
vt 0.789116 0.000000
vt 0.938776 0.000000
vt 0.945578 0.000000
vt 0.727891 0.000000
vt 0.462585 0.000000
vt 0.782313 0.000000
vt 0.952381 0.000000
vt 0.959184 0.000000
vt 0.775510 0.000000
vt 0.965986 0.000000
vt 0.734694 0.000000
vt 0.455782 0.000000
vt 0.972789 0.000000
vt 0.979592 0.000000
vt 0.768707 0.000000
vt 0.986395 0.000000
vt 0.741497 0.000000
vt 0.448980 0.000000
vt 0.755102 0.000000
vt 0.993197 0.000000
vt 0.761905 0.000000
vt 1.000000 0.000000
vt 0.748299 0.000000
vt 0.442177 0.000000
vt 0.000000 0.000000
vt 0.435374 0.000000
vt 0.006803 0.000000
vt 0.428571 0.000000
vt 0.421769 0.000000
vt 0.414966 0.000000
vt 0.408163 0.000000
vt 0.013605 0.000000
vt 0.020408 0.000000
vt 0.027211 0.000000
vt 0.401361 0.000000
vt 0.034014 0.000000
vt 0.394558 0.000000
vt 0.040816 0.000000
vt 0.170068 0.000000
vt 0.183673 0.000000
vt 0.176871 0.000000
vt 0.047619 0.000000
vt 0.387755 0.000000
vt 0.054422 0.000000
vt 0.163265 0.000000
vt 0.156463 0.000000
vt 0.061224 0.000000
vt 0.380952 0.000000
vt 0.149660 0.000000
vt 0.068027 0.000000
vt 0.142857 0.000000
vt 0.136054 0.000000
vt 0.074830 0.000000
vt 0.129252 0.000000
vt 0.122449 0.000000
vt 0.081633 0.000000
vt 0.374150 0.000000
vt 0.115646 0.000000
vt 0.088435 0.000000
vt 0.108844 0.000000
vt 0.102041 0.000000
vt 0.095238 0.000000
vt 0.367347 0.000000
vt 0.360544 0.000000
vt 0.353741 0.000000
vt 0.346939 0.000000
vt 0.340136 0.000000
vt 0.333333 0.000000
vt 0.326531 0.000000
vt 0.190476 0.000000
vt 0.319728 0.000000
vt 0.197279 0.000000
vt 0.312925 0.000000
vt 0.204082 0.000000
vt 0.306122 0.000000
vt 0.210884 0.000000
vt 0.299320 0.000000
vt 0.217687 0.000000
vt 0.224490 0.000000
vt 0.292517 0.000000
vt 0.231293 0.000000
vt 0.285714 0.000000
vt 0.238095 0.000000
vt 0.278912 0.000000
vt 0.244898 0.000000
vt 0.251701 0.000000
vt 0.272109 0.000000
vt 0.258503 0.000000
vt 0.265306 0.000000
vt 0.823529 0.000000
vt 0.852941 0.000000
vt 0.838235 0.000000
vt 0.808824 0.000000
vt 0.867647 0.000000
vt 0.794118 0.000000
vt 0.779412 0.000000
vt 0.882353 0.000000
vt 0.764706 0.000000
vt 0.602941 0.000000
vt 0.632353 0.000000
vt 0.617647 0.000000
vt 0.661765 0.000000
vt 0.676471 0.000000
vt 0.691176 0.000000
vt 0.647059 0.000000
vt 0.897059 0.000000
vt 0.750000 0.000000
vt 0.735294 0.000000
vt 0.911765 0.000000
vt 0.720588 0.000000
vt 0.926471 0.000000
vt 0.705882 0.000000
vt 0.941176 0.000000
vt 0.955882 0.000000
vt 0.441176 0.000000
vt 0.426471 0.000000
vt 0.411765 0.000000
vt 0.397059 0.000000
vt 0.382353 0.000000
vt 0.367647 0.000000
vt 0.352941 0.000000
vt 0.338235 0.000000
vt 0.323529 0.000000
vt 0.308824 0.000000
vt 0.294118 0.000000
vt 0.279412 0.000000
vt 0.264706 0.000000
vt 0.250000 0.000000
vt 0.235294 0.000000
vt 0.970588 0.000000
vt 0.220588 0.000000
vt 0.985294 0.000000
vt 0.205882 0.000000
vt 0.191176 0.000000
vt 0.176471 0.000000
vt 0.161765 0.000000
vt 0.147059 0.000000
vt 0.132353 0.000000
vt 0.117647 0.000000
vt 0.102941 0.000000
vt 0.455882 0.000000
vt 0.088235 0.000000
vt 0.470588 0.000000
vt 0.485294 0.000000
vt 0.073529 0.000000
vt 0.500000 0.000000
vt 0.514706 0.000000
vt 0.529412 0.000000
vt 0.058824 0.000000
vt 0.014706 0.000000
vt 0.544118 0.000000
vt 0.558824 0.000000
vt 0.044118 0.000000
vt 0.573529 0.000000
vt 0.588235 0.000000
vt 0.029412 0.000000
vt 0.090909 0.000000
vt 0.181818 0.000000
vt 0.909091 0.000000
vt 0.818182 0.000000
vt 0.272727 0.000000
vt 0.363636 0.000000
vt 0.636364 0.000000
vt 0.727273 0.000000
vt 0.454545 0.000000
vt 0.545455 0.000000
vt 0.400000 0.000000
vt 0.800000 0.000000
vt 0.600000 0.000000
vt 0.200000 0.000000
vt 0.508475 0.000000
vt 0.542373 0.000000
vt 0.525424 0.000000
vt 0.491525 0.000000
vt 0.457627 0.000000
vt 0.474576 0.000000
vt 0.559322 0.000000
vt 0.576271 0.000000
vt 0.440678 0.000000
vt 0.423729 0.000000
vt 0.593220 0.000000
vt 0.610169 0.000000
vt 0.627119 0.000000
vt 0.644068 0.000000
vt 0.661017 0.000000
vt 0.406780 0.000000
vt 0.677966 0.000000
vt 0.694915 0.000000
vt 0.016949 0.000000
vt 0.711864 0.000000
vt 0.728814 0.000000
vt 0.983051 0.000000
vt 0.745763 0.000000
vt 0.389830 0.000000
vt 0.966102 0.000000
vt 0.949153 0.000000
vt 0.762712 0.000000
vt 0.932203 0.000000
vt 0.915254 0.000000
vt 0.779661 0.000000
vt 0.898305 0.000000
vt 0.881356 0.000000
vt 0.796610 0.000000
vt 0.864407 0.000000
vt 0.847458 0.000000
vt 0.813559 0.000000
vt 0.830508 0.000000
vt 0.372881 0.000000
vt 0.355932 0.000000
vt 0.338983 0.000000
vt 0.322034 0.000000
vt 0.305085 0.000000
vt 0.288136 0.000000
vt 0.033898 0.000000
vt 0.271186 0.000000
vt 0.050847 0.000000
vt 0.067797 0.000000
vt 0.254237 0.000000
vt 0.084746 0.000000
vt 0.101695 0.000000
vt 0.118644 0.000000
vt 0.237288 0.000000
vt 0.135593 0.000000
vt 0.152542 0.000000
vt 0.169492 0.000000
vt 0.220339 0.000000
vt 0.186441 0.000000
vt 0.203390 0.000000
vt 0.380645 0.000000
vt 0.393548 0.000000
vt 0.387097 0.000000
vt 0.374194 0.000000
vt 0.367742 0.000000
vt 0.406452 0.000000
vt 0.361290 0.000000
vt 0.412903 0.000000
vt 0.354839 0.000000
vt 0.419355 0.000000
vt 0.348387 0.000000
vt 0.425806 0.000000
vt 0.341935 0.000000
vt 0.432258 0.000000
vt 0.335484 0.000000
vt 0.438710 0.000000
vt 0.329032 0.000000
vt 0.445161 0.000000
vt 0.322581 0.000000
vt 0.451613 0.000000
vt 0.316129 0.000000
vt 0.458065 0.000000
vt 0.309677 0.000000
vt 0.464516 0.000000
vt 0.303226 0.000000
vt 0.470968 0.000000
vt 0.296774 0.000000
vt 0.477419 0.000000
vt 0.483871 0.000000
vt 0.290323 0.000000
vt 0.490323 0.000000
vt 0.283871 0.000000
vt 0.496774 0.000000
vt 0.277419 0.000000
vt 0.696774 0.000000
vt 0.690323 0.000000
vt 0.503226 0.000000
vt 0.703226 0.000000
vt 0.709677 0.000000
vt 0.683871 0.000000
vt 0.716129 0.000000
vt 0.270968 0.000000
vt 0.722581 0.000000
vt 0.677419 0.000000
vt 0.729032 0.000000
vt 0.735484 0.000000
vt 0.670968 0.000000
vt 0.741935 0.000000
vt 0.748387 0.000000
vt 0.664516 0.000000
vt 0.754839 0.000000
vt 0.509677 0.000000
vt 0.264516 0.000000
vt 0.761290 0.000000
vt 0.658065 0.000000
vt 0.767742 0.000000
vt 0.774194 0.000000
vt 0.651613 0.000000
vt 0.516129 0.000000
vt 0.780645 0.000000
vt 0.258065 0.000000
vt 0.787097 0.000000
vt 0.645161 0.000000
vt 0.793548 0.000000
vt 0.522581 0.000000
vt 0.251613 0.000000
vt 0.638710 0.000000
vt 0.806452 0.000000
vt 0.812903 0.000000
vt 0.529032 0.000000
vt 0.632258 0.000000
vt 0.245161 0.000000
vt 0.819355 0.000000
vt 0.825806 0.000000
vt 0.535484 0.000000
vt 0.625806 0.000000
vt 0.832258 0.000000
vt 0.238710 0.000000
vt 0.838710 0.000000
vt 0.541936 0.000000
vt 0.619355 0.000000
vt 0.845161 0.000000
vt 0.232258 0.000000
vt 0.851613 0.000000
vt 0.548387 0.000000
vt 0.858065 0.000000
vt 0.225806 0.000000
vt 0.554839 0.000000
vt 0.993548 0.000000
vt 0.864516 0.000000
vt 0.219355 0.000000
vt 0.561290 0.000000
vt 0.987097 0.000000
vt 0.870968 0.000000
vt 0.212903 0.000000
vt 0.567742 0.000000
vt 0.980645 0.000000
vt 0.877419 0.000000
vt 0.206452 0.000000
vt 0.574194 0.000000
vt 0.974194 0.000000
vt 0.883871 0.000000
vt 0.967742 0.000000
vt 0.890323 0.000000
vt 0.580645 0.000000
vt 0.193548 0.000000
vt 0.961290 0.000000
vt 0.896774 0.000000
vt 0.954839 0.000000
vt 0.587097 0.000000
vt 0.903226 0.000000
vt 0.187097 0.000000
vt 0.948387 0.000000
vt 0.909677 0.000000
vt 0.941935 0.000000
vt 0.916129 0.000000
vt 0.593548 0.000000
vt 0.935484 0.000000
vt 0.922581 0.000000
vt 0.929032 0.000000
vt 0.180645 0.000000
vt 0.174194 0.000000
vt 0.606452 0.000000
vt 0.167742 0.000000
vt 0.612903 0.000000
vt 0.161290 0.000000
vt 0.154839 0.000000
vt 0.006452 0.000000
vt 0.148387 0.000000
vt 0.012903 0.000000
vt 0.141935 0.000000
vt 0.019355 0.000000
vt 0.135484 0.000000
vt 0.025806 0.000000
vt 0.129032 0.000000
vt 0.032258 0.000000
vt 0.122581 0.000000
vt 0.038710 0.000000
vt 0.116129 0.000000
vt 0.045161 0.000000
vt 0.109677 0.000000
vt 0.051613 0.000000
vt 0.103226 0.000000
vt 0.058065 0.000000
vt 0.096774 0.000000
vt 0.064516 0.000000
vt 0.090323 0.000000
vt 0.070968 0.000000
vt 0.083871 0.000000
vt 0.077419 0.000000
vt 0.848485 0.000000
vt 0.833333 0.000000
vt 0.863636 0.000000
vt 0.878788 0.000000
vt 0.893939 0.000000
vt 0.803030 0.000000
vt 0.924242 0.000000
vt 0.939394 0.000000
vt 0.954545 0.000000
vt 0.969697 0.000000
vt 0.787879 0.000000
vt 0.984848 0.000000
vt 0.772727 0.000000
vt 0.590909 0.000000
vt 0.621212 0.000000
vt 0.606061 0.000000
vt 0.651515 0.000000
vt 0.681818 0.000000
vt 0.015152 0.000000
vt 0.757576 0.000000
vt 0.742424 0.000000
vt 0.712121 0.000000
vt 0.696970 0.000000
vt 0.030303 0.000000
vt 0.045455 0.000000
vt 0.409091 0.000000
vt 0.393939 0.000000
vt 0.378788 0.000000
vt 0.348485 0.000000
vt 0.318182 0.000000
vt 0.303030 0.000000
vt 0.287879 0.000000
vt 0.257576 0.000000
vt 0.242424 0.000000
vt 0.227273 0.000000
vt 0.212121 0.000000
vt 0.196970 0.000000
vt 0.166667 0.000000
vt 0.151515 0.000000
vt 0.136364 0.000000
vt 0.121212 0.000000
vt 0.106061 0.000000
vt 0.075758 0.000000
vt 0.060606 0.000000
vt 0.424242 0.000000
vt 0.439394 0.000000
vt 0.469697 0.000000
vt 0.484848 0.000000
vt 0.515152 0.000000
vt 0.530303 0.000000
vt 0.560606 0.000000
vt 0.575758 0.000000
vt 0.888889 0.000000
vt 0.222222 0.000000
vt 0.111111 0.000000
vt 0.444444 0.000000
vt 0.555556 0.000000
vt 0.777778 0.000000
vt 0.000000 1.000000
vt 0.100000 1.000000
vt 0.100000 0.000000
vt 0.200000 1.000000
vt 0.300000 1.000000
vt 0.300000 0.000000
vt 0.400000 1.000000
vt 0.500000 1.000000
vt 0.600000 1.000000
vt 0.700000 1.000000
vt 0.700000 0.000000
vt 0.800000 1.000000
vt 0.900000 1.000000
vt 0.900000 0.000000
vt 1.000000 1.000000
vt 0.014925 1.000000
vt 0.014925 0.000000
vt 0.029851 1.000000
vt 0.029851 0.000000
vt 0.044776 1.000000
vt 0.044776 0.000000
vt 0.059701 1.000000
vt 0.059701 0.000000
vt 0.074627 1.000000
vt 0.074627 0.000000
vt 0.089552 1.000000
vt 0.089552 0.000000
vt 0.104478 1.000000
vt 0.104478 0.000000
vt 0.119403 1.000000
vt 0.119403 0.000000
vt 0.134328 1.000000
vt 0.134328 0.000000
vt 0.149254 1.000000
vt 0.149254 0.000000
vt 0.164179 1.000000
vt 0.164179 0.000000
vt 0.179104 1.000000
vt 0.179104 0.000000
vt 0.194030 1.000000
vt 0.194030 0.000000
vt 0.208955 1.000000
vt 0.208955 0.000000
vt 0.223881 1.000000
vt 0.223881 0.000000
vt 0.238806 1.000000
vt 0.238806 0.000000
vt 0.253731 1.000000
vt 0.253731 0.000000
vt 0.268657 1.000000
vt 0.268657 0.000000
vt 0.283582 1.000000
vt 0.283582 0.000000
vt 0.298507 1.000000
vt 0.298507 0.000000
vt 0.313433 1.000000
vt 0.313433 0.000000
vt 0.328358 1.000000
vt 0.328358 0.000000
vt 0.343284 1.000000
vt 0.343284 0.000000
vt 0.358209 1.000000
vt 0.358209 0.000000
vt 0.373134 1.000000
vt 0.373134 0.000000
vt 0.388060 1.000000
vt 0.388060 0.000000
vt 0.402985 1.000000
vt 0.402985 0.000000
vt 0.417910 1.000000
vt 0.417910 0.000000
vt 0.432836 1.000000
vt 0.432836 0.000000
vt 0.447761 1.000000
vt 0.447761 0.000000
vt 0.462687 1.000000
vt 0.462687 0.000000
vt 0.477612 1.000000
vt 0.477612 0.000000
vt 0.492537 1.000000
vt 0.492537 0.000000
vt 0.507463 1.000000
vt 0.507463 0.000000
vt 0.522388 1.000000
vt 0.522388 0.000000
vt 0.537313 1.000000
vt 0.537313 0.000000
vt 0.552239 1.000000
vt 0.552239 0.000000
vt 0.567164 1.000000
vt 0.567164 0.000000
vt 0.582090 1.000000
vt 0.582090 0.000000
vt 0.597015 1.000000
vt 0.597015 0.000000
vt 0.611940 1.000000
vt 0.611940 0.000000
vt 0.626866 1.000000
vt 0.626866 0.000000
vt 0.641791 1.000000
vt 0.641791 0.000000
vt 0.656716 1.000000
vt 0.656716 0.000000
vt 0.671642 1.000000
vt 0.671642 0.000000
vt 0.686567 1.000000
vt 0.686567 0.000000
vt 0.701493 1.000000
vt 0.701493 0.000000
vt 0.716418 1.000000
vt 0.716418 0.000000
vt 0.731343 1.000000
vt 0.731343 0.000000
vt 0.746269 1.000000
vt 0.746269 0.000000
vt 0.761194 1.000000
vt 0.761194 0.000000
vt 0.776119 1.000000
vt 0.776119 0.000000
vt 0.791045 1.000000
vt 0.791045 0.000000
vt 0.805970 1.000000
vt 0.805970 0.000000
vt 0.820895 1.000000
vt 0.820895 0.000000
vt 0.835821 1.000000
vt 0.835821 0.000000
vt 0.850746 1.000000
vt 0.850746 0.000000
vt 0.865672 1.000000
vt 0.865672 0.000000
vt 0.880597 1.000000
vt 0.880597 0.000000
vt 0.895522 1.000000
vt 0.895522 0.000000
vt 0.910448 1.000000
vt 0.910448 0.000000
vt 0.925373 1.000000
vt 0.925373 0.000000
vt 0.940298 1.000000
vt 0.940298 0.000000
vt 0.955224 1.000000
vt 0.955224 0.000000
vt 0.970149 1.000000
vt 0.970149 0.000000
vt 0.985075 1.000000
vt 0.985075 0.000000
vt 0.010417 1.000000
vt 0.010417 0.000000
vt 0.020833 1.000000
vt 0.020833 0.000000
vt 0.031250 1.000000
vt 0.031250 0.000000
vt 0.041667 1.000000
vt 0.041667 0.000000
vt 0.052083 1.000000
vt 0.052083 0.000000
vt 0.062500 1.000000
vt 0.062500 0.000000
vt 0.072917 1.000000
vt 0.072917 0.000000
vt 0.083333 1.000000
vt 0.083333 0.000000
vt 0.093750 1.000000
vt 0.093750 0.000000
vt 0.104167 1.000000
vt 0.104167 0.000000
vt 0.114583 1.000000
vt 0.114583 0.000000
vt 0.125000 1.000000
vt 0.125000 0.000000
vt 0.135417 1.000000
vt 0.135417 0.000000
vt 0.145833 1.000000
vt 0.145833 0.000000
vt 0.156250 1.000000
vt 0.156250 0.000000
vt 0.166667 1.000000
vt 0.177083 1.000000
vt 0.177083 0.000000
vt 0.187500 1.000000
vt 0.187500 0.000000
vt 0.197917 1.000000
vt 0.197917 0.000000
vt 0.208333 1.000000
vt 0.208333 0.000000
vt 0.218750 1.000000
vt 0.218750 0.000000
vt 0.229167 1.000000
vt 0.229167 0.000000
vt 0.239583 1.000000
vt 0.239583 0.000000
vt 0.250000 1.000000
vt 0.260417 1.000000
vt 0.260417 0.000000
vt 0.270833 1.000000
vt 0.270833 0.000000
vt 0.281250 1.000000
vt 0.281250 0.000000
vt 0.291667 1.000000
vt 0.291667 0.000000
vt 0.302083 1.000000
vt 0.302083 0.000000
vt 0.312500 1.000000
vt 0.312500 0.000000
vt 0.322917 1.000000
vt 0.322917 0.000000
vt 0.333333 1.000000
vt 0.343750 1.000000
vt 0.343750 0.000000
vt 0.354167 1.000000
vt 0.354167 0.000000
vt 0.364583 1.000000
vt 0.364583 0.000000
vt 0.375000 1.000000
vt 0.375000 0.000000
vt 0.385417 1.000000
vt 0.385417 0.000000
vt 0.395833 1.000000
vt 0.395833 0.000000
vt 0.406250 1.000000
vt 0.406250 0.000000
vt 0.416667 1.000000
vt 0.416667 0.000000
vt 0.427083 1.000000
vt 0.427083 0.000000
vt 0.437500 1.000000
vt 0.437500 0.000000
vt 0.447917 1.000000
vt 0.447917 0.000000
vt 0.458333 1.000000
vt 0.458333 0.000000
vt 0.468750 1.000000
vt 0.468750 0.000000
vt 0.479167 1.000000
vt 0.479167 0.000000
vt 0.489583 1.000000
vt 0.489583 0.000000
vt 0.510417 1.000000
vt 0.510417 0.000000
vt 0.520833 1.000000
vt 0.520833 0.000000
vt 0.531250 1.000000
vt 0.531250 0.000000
vt 0.541667 1.000000
vt 0.541667 0.000000
vt 0.552083 1.000000
vt 0.552083 0.000000
vt 0.562500 1.000000
vt 0.562500 0.000000
vt 0.572917 1.000000
vt 0.572917 0.000000
vt 0.583333 1.000000
vt 0.583333 0.000000
vt 0.593750 1.000000
vt 0.593750 0.000000
vt 0.604167 1.000000
vt 0.604167 0.000000
vt 0.614583 1.000000
vt 0.614583 0.000000
vt 0.625000 1.000000
vt 0.625000 0.000000
vt 0.635417 1.000000
vt 0.635417 0.000000
vt 0.645833 1.000000
vt 0.645833 0.000000
vt 0.656250 1.000000
vt 0.656250 0.000000
vt 0.666667 1.000000
vt 0.677083 1.000000
vt 0.677083 0.000000
vt 0.687500 1.000000
vt 0.687500 0.000000
vt 0.697917 1.000000
vt 0.697917 0.000000
vt 0.708333 1.000000
vt 0.708333 0.000000
vt 0.718750 1.000000
vt 0.718750 0.000000
vt 0.729167 1.000000
vt 0.729167 0.000000
vt 0.739583 1.000000
vt 0.739583 0.000000
vt 0.750000 1.000000
vt 0.760417 1.000000
vt 0.760417 0.000000
vt 0.770833 1.000000
vt 0.770833 0.000000
vt 0.781250 1.000000
vt 0.781250 0.000000
vt 0.791667 1.000000
vt 0.791667 0.000000
vt 0.802083 1.000000
vt 0.802083 0.000000
vt 0.812500 1.000000
vt 0.812500 0.000000
vt 0.822917 1.000000
vt 0.822917 0.000000
vt 0.833333 1.000000
vt 0.843750 1.000000
vt 0.843750 0.000000
vt 0.854167 1.000000
vt 0.854167 0.000000
vt 0.864583 1.000000
vt 0.864583 0.000000
vt 0.875000 1.000000
vt 0.875000 0.000000
vt 0.885417 1.000000
vt 0.885417 0.000000
vt 0.895833 1.000000
vt 0.895833 0.000000
vt 0.906250 1.000000
vt 0.906250 0.000000
vt 0.916667 1.000000
vt 0.916667 0.000000
vt 0.927083 1.000000
vt 0.927083 0.000000
vt 0.937500 1.000000
vt 0.937500 0.000000
vt 0.947917 1.000000
vt 0.947917 0.000000
vt 0.958333 1.000000
vt 0.958333 0.000000
vt 0.968750 1.000000
vt 0.968750 0.000000
vt 0.979167 1.000000
vt 0.979167 0.000000
vt 0.989583 1.000000
vt 0.989583 0.000000
vt 0.016667 1.000000
vt 0.016667 0.000000
vt 0.033333 1.000000
vt 0.033333 0.000000
vt 0.050000 1.000000
vt 0.050000 0.000000
vt 0.066667 1.000000
vt 0.066667 0.000000
vt 0.116667 1.000000
vt 0.116667 0.000000
vt 0.133333 1.000000
vt 0.133333 0.000000
vt 0.150000 1.000000
vt 0.150000 0.000000
vt 0.183333 1.000000
vt 0.183333 0.000000
vt 0.216667 1.000000
vt 0.216667 0.000000
vt 0.233333 1.000000
vt 0.233333 0.000000
vt 0.266667 1.000000
vt 0.266667 0.000000
vt 0.283333 1.000000
vt 0.283333 0.000000
vt 0.316667 1.000000
vt 0.316667 0.000000
vt 0.350000 1.000000
vt 0.350000 0.000000
vt 0.366667 1.000000
vt 0.366667 0.000000
vt 0.383333 1.000000
vt 0.383333 0.000000
vt 0.433333 1.000000
vt 0.433333 0.000000
vt 0.450000 1.000000
vt 0.450000 0.000000
vt 0.466667 1.000000
vt 0.466667 0.000000
vt 0.483333 1.000000
vt 0.483333 0.000000
vt 0.516667 1.000000
vt 0.516667 0.000000
vt 0.533333 1.000000
vt 0.533333 0.000000
vt 0.550000 1.000000
vt 0.550000 0.000000
vt 0.566667 1.000000
vt 0.566667 0.000000
vt 0.616667 1.000000
vt 0.616667 0.000000
vt 0.633333 1.000000
vt 0.633333 0.000000
vt 0.650000 1.000000
vt 0.650000 0.000000
vt 0.683333 1.000000
vt 0.683333 0.000000
vt 0.716667 1.000000
vt 0.716667 0.000000
vt 0.733333 1.000000
vt 0.733333 0.000000
vt 0.766667 1.000000
vt 0.766667 0.000000
vt 0.783333 1.000000
vt 0.783333 0.000000
vt 0.816667 1.000000
vt 0.816667 0.000000
vt 0.850000 1.000000
vt 0.850000 0.000000
vt 0.866667 1.000000
vt 0.866667 0.000000
vt 0.883333 1.000000
vt 0.883333 0.000000
vt 0.933333 1.000000
vt 0.933333 0.000000
vt 0.950000 1.000000
vt 0.950000 0.000000
vt 0.966667 1.000000
vt 0.966667 0.000000
vt 0.983333 1.000000
vt 0.983333 0.000000
vt 0.014493 1.000000
vt 0.014493 0.000000
vt 0.028986 1.000000
vt 0.028986 0.000000
vt 0.043478 1.000000
vt 0.043478 0.000000
vt 0.057971 1.000000
vt 0.057971 0.000000
vt 0.072464 1.000000
vt 0.072464 0.000000
vt 0.086957 1.000000
vt 0.086957 0.000000
vt 0.101449 1.000000
vt 0.101449 0.000000
vt 0.115942 1.000000
vt 0.115942 0.000000
vt 0.130435 1.000000
vt 0.130435 0.000000
vt 0.144928 1.000000
vt 0.144928 0.000000
vt 0.159420 1.000000
vt 0.159420 0.000000
vt 0.173913 1.000000
vt 0.173913 0.000000
vt 0.188406 1.000000
vt 0.188406 0.000000
vt 0.202899 1.000000
vt 0.202899 0.000000
vt 0.217391 1.000000
vt 0.217391 0.000000
vt 0.231884 1.000000
vt 0.231884 0.000000
vt 0.246377 1.000000
vt 0.246377 0.000000
vt 0.260870 1.000000
vt 0.260870 0.000000
vt 0.275362 1.000000
vt 0.275362 0.000000
vt 0.289855 1.000000
vt 0.289855 0.000000
vt 0.304348 1.000000
vt 0.304348 0.000000
vt 0.318841 1.000000
vt 0.318841 0.000000
vt 0.347826 1.000000
vt 0.347826 0.000000
vt 0.362319 1.000000
vt 0.362319 0.000000
vt 0.376812 1.000000
vt 0.376812 0.000000
vt 0.391304 1.000000
vt 0.391304 0.000000
vt 0.405797 1.000000
vt 0.405797 0.000000
vt 0.420290 1.000000
vt 0.420290 0.000000
vt 0.434783 1.000000
vt 0.434783 0.000000
vt 0.449275 1.000000
vt 0.449275 0.000000
vt 0.463768 1.000000
vt 0.463768 0.000000
vt 0.478261 1.000000
vt 0.478261 0.000000
vt 0.492754 1.000000
vt 0.492754 0.000000
vt 0.507246 1.000000
vt 0.507246 0.000000
vt 0.521739 1.000000
vt 0.521739 0.000000
vt 0.536232 1.000000
vt 0.536232 0.000000
vt 0.550725 1.000000
vt 0.550725 0.000000
vt 0.565217 1.000000
vt 0.565217 0.000000
vt 0.579710 1.000000
vt 0.579710 0.000000
vt 0.594203 1.000000
vt 0.594203 0.000000
vt 0.608696 1.000000
vt 0.608696 0.000000
vt 0.623188 1.000000
vt 0.623188 0.000000
vt 0.637681 1.000000
vt 0.637681 0.000000
vt 0.652174 1.000000
vt 0.652174 0.000000
vt 0.681159 1.000000
vt 0.681159 0.000000
vt 0.695652 1.000000
vt 0.695652 0.000000
vt 0.710145 1.000000
vt 0.710145 0.000000
vt 0.724638 1.000000
vt 0.724638 0.000000
vt 0.739130 1.000000
vt 0.739130 0.000000
vt 0.753623 1.000000
vt 0.753623 0.000000
vt 0.768116 1.000000
vt 0.768116 0.000000
vt 0.782609 1.000000
vt 0.782609 0.000000
vt 0.797101 1.000000
vt 0.797101 0.000000
vt 0.811594 1.000000
vt 0.811594 0.000000
vt 0.826087 1.000000
vt 0.826087 0.000000
vt 0.840580 1.000000
vt 0.840580 0.000000
vt 0.855072 1.000000
vt 0.855072 0.000000
vt 0.869565 1.000000
vt 0.869565 0.000000
vt 0.884058 1.000000
vt 0.884058 0.000000
vt 0.898551 1.000000
vt 0.898551 0.000000
vt 0.913043 1.000000
vt 0.913043 0.000000
vt 0.927536 1.000000
vt 0.927536 0.000000
vt 0.942029 1.000000
vt 0.942029 0.000000
vt 0.956522 1.000000
vt 0.956522 0.000000
vt 0.971014 1.000000
vt 0.971014 0.000000
vt 0.985507 1.000000
vt 0.985507 0.000000
vt 0.009009 1.000000
vt 0.009009 0.000000
vt 0.018018 1.000000
vt 0.018018 0.000000
vt 0.027027 1.000000
vt 0.027027 0.000000
vt 0.036036 1.000000
vt 0.036036 0.000000
vt 0.045045 1.000000
vt 0.045045 0.000000
vt 0.054054 1.000000
vt 0.054054 0.000000
vt 0.063063 1.000000
vt 0.063063 0.000000
vt 0.072072 1.000000
vt 0.072072 0.000000
vt 0.081081 1.000000
vt 0.081081 0.000000
vt 0.090090 1.000000
vt 0.090090 0.000000
vt 0.099099 1.000000
vt 0.099099 0.000000
vt 0.108108 1.000000
vt 0.108108 0.000000
vt 0.117117 1.000000
vt 0.117117 0.000000
vt 0.126126 1.000000
vt 0.126126 0.000000
vt 0.135135 1.000000
vt 0.135135 0.000000
vt 0.144144 1.000000
vt 0.144144 0.000000
vt 0.153153 1.000000
vt 0.153153 0.000000
vt 0.162162 1.000000
vt 0.162162 0.000000
vt 0.171171 1.000000
vt 0.171171 0.000000
vt 0.180180 1.000000
vt 0.180180 0.000000
vt 0.189189 1.000000
vt 0.189189 0.000000
vt 0.198198 1.000000
vt 0.198198 0.000000
vt 0.207207 1.000000
vt 0.207207 0.000000
vt 0.216216 1.000000
vt 0.216216 0.000000
vt 0.225225 1.000000
vt 0.225225 0.000000
vt 0.234234 1.000000
vt 0.234234 0.000000
vt 0.243243 1.000000
vt 0.243243 0.000000
vt 0.252252 1.000000
vt 0.252252 0.000000
vt 0.261261 1.000000
vt 0.261261 0.000000
vt 0.270270 1.000000
vt 0.270270 0.000000
vt 0.279279 1.000000
vt 0.279279 0.000000
vt 0.288288 1.000000
vt 0.288288 0.000000
vt 0.297297 1.000000
vt 0.297297 0.000000
vt 0.306306 1.000000
vt 0.306306 0.000000
vt 0.315315 1.000000
vt 0.315315 0.000000
vt 0.324324 1.000000
vt 0.324324 0.000000
vt 0.342342 1.000000
vt 0.342342 0.000000
vt 0.351351 1.000000
vt 0.351351 0.000000
vt 0.360360 1.000000
vt 0.360360 0.000000
vt 0.369369 1.000000
vt 0.369369 0.000000
vt 0.378378 1.000000
vt 0.378378 0.000000
vt 0.387387 1.000000
vt 0.387387 0.000000
vt 0.396396 1.000000
vt 0.396396 0.000000
vt 0.405405 1.000000
vt 0.405405 0.000000
vt 0.414414 1.000000
vt 0.414414 0.000000
vt 0.423423 1.000000
vt 0.423423 0.000000
vt 0.432432 1.000000
vt 0.432432 0.000000
vt 0.441441 1.000000
vt 0.441441 0.000000
vt 0.450450 1.000000
vt 0.450450 0.000000
vt 0.459459 1.000000
vt 0.459459 0.000000
vt 0.468468 1.000000
vt 0.468468 0.000000
vt 0.477477 1.000000
vt 0.477477 0.000000
vt 0.486486 1.000000
vt 0.486486 0.000000
vt 0.495495 1.000000
vt 0.495495 0.000000
vt 0.504505 1.000000
vt 0.504505 0.000000
vt 0.513514 1.000000
vt 0.513514 0.000000
vt 0.522523 1.000000
vt 0.522523 0.000000
vt 0.531532 1.000000
vt 0.531532 0.000000
vt 0.540541 1.000000
vt 0.540541 0.000000
vt 0.549550 1.000000
vt 0.549550 0.000000
vt 0.558559 1.000000
vt 0.558559 0.000000
vt 0.567568 1.000000
vt 0.567568 0.000000
vt 0.576577 1.000000
vt 0.576577 0.000000
vt 0.585586 1.000000
vt 0.585586 0.000000
vt 0.594595 1.000000
vt 0.594595 0.000000
vt 0.603604 1.000000
vt 0.603604 0.000000
vt 0.612613 1.000000
vt 0.612613 0.000000
vt 0.621622 1.000000
vt 0.621622 0.000000
vt 0.630631 1.000000
vt 0.630631 0.000000
vt 0.639640 1.000000
vt 0.639640 0.000000
vt 0.648649 1.000000
vt 0.648649 0.000000
vt 0.657658 1.000000
vt 0.657658 0.000000
vt 0.675676 1.000000
vt 0.675676 0.000000
vt 0.684685 1.000000
vt 0.684685 0.000000
vt 0.693694 1.000000
vt 0.693694 0.000000
vt 0.702703 1.000000
vt 0.702703 0.000000
vt 0.711712 1.000000
vt 0.711712 0.000000
vt 0.720721 1.000000
vt 0.720721 0.000000
vt 0.729730 1.000000
vt 0.729730 0.000000
vt 0.738739 1.000000
vt 0.738739 0.000000
vt 0.747748 1.000000
vt 0.747748 0.000000
vt 0.756757 1.000000
vt 0.756757 0.000000
vt 0.765766 1.000000
vt 0.765766 0.000000
vt 0.774775 1.000000
vt 0.774775 0.000000
vt 0.783784 1.000000
vt 0.783784 0.000000
vt 0.792793 1.000000
vt 0.792793 0.000000
vt 0.801802 1.000000
vt 0.801802 0.000000
vt 0.810811 1.000000
vt 0.810811 0.000000
vt 0.819820 1.000000
vt 0.819820 0.000000
vt 0.828829 1.000000
vt 0.828829 0.000000
vt 0.837838 1.000000
vt 0.837838 0.000000
vt 0.846847 1.000000
vt 0.846847 0.000000
vt 0.855856 1.000000
vt 0.855856 0.000000
vt 0.864865 1.000000
vt 0.864865 0.000000
vt 0.873874 1.000000
vt 0.873874 0.000000
vt 0.882883 1.000000
vt 0.882883 0.000000
vt 0.891892 1.000000
vt 0.891892 0.000000
vt 0.900901 1.000000
vt 0.900901 0.000000
vt 0.909910 1.000000
vt 0.909910 0.000000
vt 0.918919 1.000000
vt 0.918919 0.000000
vt 0.927928 1.000000
vt 0.927928 0.000000
vt 0.936937 1.000000
vt 0.936937 0.000000
vt 0.945946 1.000000
vt 0.945946 0.000000
vt 0.954955 1.000000
vt 0.954955 0.000000
vt 0.963964 1.000000
vt 0.963964 0.000000
vt 0.972973 1.000000
vt 0.972973 0.000000
vt 0.981982 1.000000
vt 0.981982 0.000000
vt 0.990991 1.000000
vt 0.990991 0.000000
s 0
f 87/1/1 89/2/1 88/3/1
f 87/1/1 90/4/1 89/2/1
f 86/5/1 90/4/1 87/1/1
f 86/5/1 91/6/1 90/4/1
f 85/7/1 91/6/1 86/5/1
f 85/7/1 92/8/1 91/6/1
f 84/9/1 92/8/1 85/7/1
f 84/9/1 93/10/1 92/8/1
f 83/11/1 93/10/1 84/9/1
f 83/11/1 94/12/1 93/10/1
f 82/13/1 94/12/1 83/11/1
f 82/13/1 95/14/1 94/12/1
f 81/15/1 95/14/1 82/13/1
f 81/15/1 96/16/1 95/14/1
f 80/17/1 96/16/1 81/15/1
f 80/17/1 97/18/1 96/16/1
f 79/19/1 97/18/1 80/17/1
f 79/19/1 98/20/1 97/18/1
f 78/21/1 98/20/1 79/19/1
f 78/21/1 99/22/1 98/20/1
f 77/23/1 99/22/1 78/21/1
f 77/23/1 100/24/1 99/22/1
f 76/25/1 100/24/1 77/23/1
f 76/25/1 101/26/1 100/24/1
f 75/27/1 101/26/1 76/25/1
f 75/27/1 102/28/1 101/26/1
f 74/29/1 102/28/1 75/27/1
f 74/29/1 103/30/1 102/28/1
f 73/31/1 103/30/1 74/29/1
f 73/31/1 104/32/1 103/30/1
f 72/33/1 104/32/1 73/31/1
f 72/33/1 125/34/1 104/32/1
f 125/34/1 105/35/1 104/32/1
f 72/33/1 126/36/1 125/34/1
f 124/37/1 105/35/1 125/34/1
f 72/33/1 127/38/1 126/36/1
f 123/39/1 105/35/1 124/37/1
f 72/33/1 128/40/1 127/38/1
f 72/33/1 129/41/1 128/40/1
f 122/42/1 105/35/1 123/39/1
f 72/33/1 130/43/1 129/41/1
f 71/44/1 130/43/1 72/33/1
f 71/44/1 131/45/1 130/43/1
f 122/42/1 106/46/1 105/35/1
f 121/47/1 106/46/1 122/42/1
f 71/44/1 132/48/1 131/45/1
f 71/44/1 133/49/1 132/48/1
f 120/50/1 106/46/1 121/47/1
f 71/44/1 134/51/1 133/49/1
f 71/44/1 135/52/1 134/51/1
f 119/53/1 106/46/1 120/50/1
f 71/44/1 136/54/1 135/52/1
f 70/55/1 136/54/1 71/44/1
f 119/53/1 107/56/1 106/46/1
f 70/55/1 137/57/1 136/54/1
f 118/58/1 107/56/1 119/53/1
f 70/55/1 138/59/1 137/57/1
f 117/60/1 107/56/1 118/58/1
f 70/55/1 139/61/1 138/59/1
f 70/55/1 140/62/1 139/61/1
f 117/60/1 108/63/1 107/56/1
f 69/64/1 140/62/1 70/55/1
f 116/65/1 108/63/1 117/60/1
f 69/64/1 141/66/1 140/62/1
f 69/64/1 142/67/1 141/66/1
f 115/68/1 108/63/1 116/65/1
f 69/64/1 143/69/1 142/67/1
f 115/68/1 109/70/1 108/63/1
f 68/71/1 143/69/1 69/64/1
f 68/71/1 144/72/1 143/69/1
f 68/71/1 145/73/1 144/72/1
f 114/74/1 109/70/1 115/68/1
f 68/71/1 146/75/1 145/73/1
f 114/74/1 110/76/1 109/70/1
f 67/77/1 146/75/1 68/71/1
f 67/77/1 112/78/1 146/75/1
f 112/78/1 147/79/1 146/75/1
f 113/80/1 110/76/1 114/74/1
f 67/77/1 148/81/1 112/78/1
f 147/79/1 113/80/1 112/78/1
f 147/79/1 110/76/1 113/80/1
f 148/81/1 110/76/1 147/79/1
f 148/81/1 111/82/1 110/76/1
f 67/77/1 111/82/1 148/81/1
f 66/83/1 111/82/1 67/77/1
f 66/83/1 1/84/1 111/82/1
f 65/85/1 1/84/1 66/83/1
f 65/85/1 2/86/1 1/84/1
f 64/87/1 2/86/1 65/85/1
f 63/88/1 2/86/1 64/87/1
f 62/89/1 2/86/1 63/88/1
f 61/90/1 3/91/1 62/89/1
f 3/91/1 2/86/1 62/89/1
f 61/90/1 4/92/1 3/91/1
f 61/90/1 5/93/1 4/92/1
f 60/94/1 5/93/1 61/90/1
f 60/94/1 6/95/1 5/93/1
f 59/96/1 6/95/1 60/94/1
f 59/96/1 7/97/1 6/95/1
f 26/98/1 28/99/1 27/100/1
f 59/96/1 8/101/1 7/97/1
f 58/102/1 8/101/1 59/96/1
f 58/102/1 9/103/1 8/101/1
f 25/104/1 28/99/1 26/98/1
f 24/105/1 28/99/1 25/104/1
f 58/102/1 10/106/1 9/103/1
f 57/107/1 10/106/1 58/102/1
f 23/108/1 28/99/1 24/105/1
f 57/107/1 11/109/1 10/106/1
f 22/110/1 28/99/1 23/108/1
f 21/111/1 28/99/1 22/110/1
f 57/107/1 12/112/1 11/109/1
f 20/113/1 28/99/1 21/111/1
f 19/114/1 28/99/1 20/113/1
f 57/107/1 13/115/1 12/112/1
f 56/116/1 13/115/1 57/107/1
f 18/117/1 28/99/1 19/114/1
f 56/116/1 14/118/1 13/115/1
f 17/119/1 28/99/1 18/117/1
f 16/120/1 28/99/1 17/119/1
f 56/116/1 15/121/1 14/118/1
f 15/121/1 28/99/1 16/120/1
f 56/116/1 28/99/1 15/121/1
f 55/122/1 28/99/1 56/116/1
f 54/123/1 28/99/1 55/122/1
f 53/124/1 28/99/1 54/123/1
f 52/125/1 28/99/1 53/124/1
f 51/126/1 28/99/1 52/125/1
f 50/127/1 28/99/1 51/126/1
f 49/128/1 28/99/1 50/127/1
f 49/128/1 29/129/1 28/99/1
f 48/130/1 29/129/1 49/128/1
f 48/130/1 30/131/1 29/129/1
f 47/132/1 30/131/1 48/130/1
f 47/132/1 31/133/1 30/131/1
f 46/134/1 31/133/1 47/132/1
f 46/134/1 32/135/1 31/133/1
f 45/136/1 32/135/1 46/134/1
f 45/136/1 33/137/1 32/135/1
f 45/136/1 34/138/1 33/137/1
f 44/139/1 34/138/1 45/136/1
f 44/139/1 35/140/1 34/138/1
f 43/141/1 35/140/1 44/139/1
f 43/141/1 36/142/1 35/140/1
f 42/143/1 36/142/1 43/141/1
f 42/143/1 37/144/1 36/142/1
f 42/143/1 38/145/1 37/144/1
f 41/146/1 38/145/1 42/143/1
f 41/146/1 39/147/1 38/145/1
f 40/148/1 39/147/1 41/146/1
f 205/149/1 207/150/1 206/151/1
f 204/152/1 207/150/1 205/149/1
f 204/152/1 208/153/1 207/150/1
f 203/154/1 208/153/1 204/152/1
f 202/155/1 208/153/1 203/154/1
f 202/155/1 209/156/1 208/153/1
f 201/157/1 209/156/1 202/155/1
f 190/158/1 192/159/1 191/160/1
f 190/158/1 194/161/1 192/159/1
f 194/161/1 195/162/1 192/159/1
f 195/162/1 196/163/1 192/159/1
f 196/163/1 193/164/1 192/159/1
f 201/157/1 210/165/1 209/156/1
f 200/166/1 210/165/1 201/157/1
f 199/167/1 210/165/1 200/166/1
f 199/167/1 211/168/1 210/165/1
f 198/169/1 211/168/1 199/167/1
f 198/169/1 212/170/1 211/168/1
f 197/171/1 212/170/1 198/169/1
f 196/163/1 212/170/1 197/171/1
f 196/163/1 213/172/1 212/170/1
f 193/164/1 213/172/1 196/163/1
f 193/164/1 214/173/1 213/172/1
f 190/158/1 193/164/1 194/161/1
f 190/158/1 179/174/1 193/164/1
f 179/174/1 178/175/1 193/164/1
f 178/175/1 177/176/1 193/164/1
f 177/176/1 176/177/1 193/164/1
f 176/177/1 175/178/1 193/164/1
f 175/178/1 174/179/1 193/164/1
f 174/179/1 173/180/1 193/164/1
f 173/180/1 172/181/1 193/164/1
f 172/181/1 171/182/1 193/164/1
f 171/182/1 170/183/1 193/164/1
f 170/183/1 169/184/1 193/164/1
f 169/184/1 168/185/1 193/164/1
f 168/185/1 167/186/1 193/164/1
f 167/186/1 214/173/1 193/164/1
f 167/186/1 166/187/1 214/173/1
f 166/187/1 165/188/1 214/173/1
f 165/188/1 215/189/1 214/173/1
f 165/188/1 164/190/1 215/189/1
f 164/190/1 216/191/1 215/189/1
f 163/192/1 216/191/1 164/190/1
f 162/193/1 216/191/1 163/192/1
f 161/194/1 216/191/1 162/193/1
f 160/195/1 216/191/1 161/194/1
f 160/195/1 217/81/1 216/191/1
f 159/196/1 217/81/1 160/195/1
f 158/197/1 217/81/1 159/196/1
f 157/198/1 217/81/1 158/197/1
f 156/199/1 217/81/1 157/198/1
f 190/158/2 180/200/2 179/174/2
f 156/199/1 149/84/1 217/81/1
f 155/201/1 149/84/1 156/199/1
f 190/158/1 181/202/1 180/200/1
f 190/158/1 182/203/1 181/202/1
f 154/204/1 149/84/1 155/201/1
f 190/158/1 183/205/1 182/203/1
f 190/158/1 184/206/1 183/205/1
f 190/158/1 185/207/1 184/206/1
f 153/208/1 149/84/1 154/204/1
f 153/208/1 150/209/1 149/84/1
f 190/158/1 186/210/1 185/207/1
f 190/158/1 187/211/1 186/210/1
f 152/212/1 150/209/1 153/208/1
f 190/158/1 188/213/1 187/211/1
f 190/158/1 189/214/1 188/213/1
f 151/215/1 150/209/1 152/212/1
f 229/81/1 219/216/1 218/84/1
f 229/81/1 220/217/1 219/216/1
f 228/218/1 220/217/1 229/81/1
f 227/219/1 221/220/1 228/218/1
f 221/220/1 220/217/1 228/218/1
f 227/219/1 222/221/1 221/220/1
f 225/222/1 227/219/1 226/223/1
f 225/222/1 222/221/1 227/219/1
f 225/222/1 223/224/1 222/221/1
f 225/222/1 224/225/1 223/224/1
f 232/226/1 234/227/1 233/228/1
f 232/226/1 235/81/1 234/227/1
f 232/226/1 230/84/1 235/81/1
f 232/226/1 231/229/1 230/84/1
f 266/230/1 268/231/1 267/232/1
f 265/233/1 268/231/1 266/230/1
f 263/234/1 265/233/1 264/235/1
f 263/234/1 268/231/1 265/233/1
f 263/234/1 269/236/1 268/231/1
f 263/234/1 270/237/1 269/236/1
f 262/238/3 270/237/3 263/234/3
f 261/239/1 271/240/1 262/238/1
f 271/240/1 270/237/1 262/238/1
f 261/239/1 272/241/1 271/240/1
f 261/239/1 273/242/1 272/241/1
f 261/239/1 274/243/1 273/242/1
f 261/239/1 275/244/1 274/243/1
f 260/245/1 275/244/1 261/239/1
f 260/245/1 276/246/1 275/244/1
f 260/245/1 277/247/1 276/246/1
f 295/81/1 237/248/1 236/84/1
f 260/245/1 278/249/1 277/247/1
f 260/245/1 279/250/1 278/249/1
f 294/251/1 237/248/1 295/81/1
f 260/245/1 280/252/1 279/250/1
f 259/253/1 280/252/1 260/245/1
f 293/254/1 237/248/1 294/251/1
f 292/255/1 237/248/1 293/254/1
f 259/253/1 281/256/1 280/252/1
f 291/257/1 237/248/1 292/255/1
f 290/258/1 237/248/1 291/257/1
f 259/253/1 282/259/1 281/256/1
f 289/260/1 237/248/1 290/258/1
f 288/261/1 237/248/1 289/260/1
f 259/253/1 283/262/1 282/259/1
f 287/263/1 237/248/1 288/261/1
f 286/264/1 237/248/1 287/263/1
f 259/253/1 284/265/1 283/262/1
f 285/266/1 237/248/1 286/264/1
f 284/265/1 237/248/1 285/266/1
f 259/253/1 237/248/1 284/265/1
f 258/267/1 237/248/1 259/253/1
f 257/268/1 237/248/1 258/267/1
f 256/269/1 237/248/1 257/268/1
f 255/270/1 237/248/1 256/269/1
f 254/271/1 237/248/1 255/270/1
f 253/272/1 237/248/1 254/271/1
f 253/272/1 238/273/1 237/248/1
f 252/274/1 238/273/1 253/272/1
f 252/274/1 239/275/1 238/273/1
f 252/274/1 240/276/1 239/275/1
f 251/277/1 240/276/1 252/274/1
f 251/277/1 241/278/1 240/276/1
f 251/277/1 242/279/1 241/278/1
f 251/277/1 243/280/1 242/279/1
f 250/281/1 243/280/1 251/277/1
f 250/281/1 244/282/1 243/280/1
f 250/281/1 245/283/1 244/282/1
f 250/281/1 246/284/1 245/283/1
f 249/285/1 246/284/1 250/281/1
f 249/285/1 247/286/1 246/284/1
f 249/285/1 248/287/1 247/286/1
f 352/149/1 354/150/1 353/151/1
f 351/152/1 354/150/1 352/149/1
f 351/152/1 355/153/1 354/150/1
f 350/154/1 355/153/1 351/152/1
f 349/155/1 355/153/1 350/154/1
f 349/155/1 356/156/1 355/153/1
f 348/157/1 356/156/1 349/155/1
f 337/158/1 339/159/1 338/160/1
f 337/158/1 341/161/1 339/159/1
f 341/161/1 342/162/1 339/159/1
f 342/162/1 343/163/1 339/159/1
f 343/163/1 340/164/1 339/159/1
f 348/157/1 357/165/1 356/156/1
f 347/166/1 357/165/1 348/157/1
f 346/167/1 357/165/1 347/166/1
f 346/167/1 358/168/1 357/165/1
f 345/169/1 358/168/1 346/167/1
f 345/169/1 359/170/1 358/168/1
f 344/171/1 359/170/1 345/169/1
f 343/163/1 359/170/1 344/171/1
f 343/163/1 360/172/1 359/170/1
f 340/164/1 360/172/1 343/163/1
f 340/164/1 361/173/1 360/172/1
f 337/158/1 340/164/1 341/161/1
f 337/158/1 326/174/1 340/164/1
f 326/174/1 325/175/1 340/164/1
f 325/175/1 324/176/1 340/164/1
f 324/176/1 323/177/1 340/164/1
f 323/177/1 322/178/1 340/164/1
f 322/178/1 321/179/1 340/164/1
f 321/179/1 320/180/1 340/164/1
f 320/180/1 319/181/1 340/164/1
f 319/181/1 318/182/1 340/164/1
f 318/182/1 317/183/1 340/164/1
f 317/183/1 316/184/1 340/164/1
f 316/184/1 315/185/1 340/164/1
f 315/185/1 314/186/1 340/164/1
f 314/186/1 361/173/1 340/164/1
f 314/186/1 313/187/1 361/173/1
f 313/187/1 312/188/1 361/173/1
f 312/188/1 362/189/1 361/173/1
f 312/188/1 311/190/1 362/189/1
f 311/190/1 363/191/1 362/189/1
f 310/192/1 363/191/1 311/190/1
f 309/193/1 363/191/1 310/192/1
f 308/194/1 363/191/1 309/193/1
f 307/195/1 363/191/1 308/194/1
f 307/195/1 364/81/1 363/191/1
f 306/196/1 364/81/1 307/195/1
f 305/197/1 364/81/1 306/196/1
f 304/198/1 364/81/1 305/197/1
f 303/199/1 364/81/1 304/198/1
f 337/158/1 327/200/1 326/174/1
f 303/199/1 296/84/1 364/81/1
f 302/201/1 296/84/1 303/199/1
f 337/158/1 328/202/1 327/200/1
f 337/158/1 329/203/1 328/202/1
f 301/204/1 296/84/1 302/201/1
f 337/158/1 330/205/1 329/203/1
f 337/158/1 331/206/1 330/205/1
f 337/158/1 332/207/1 331/206/1
f 300/208/1 296/84/1 301/204/1
f 300/208/1 297/209/1 296/84/1
f 337/158/1 333/210/1 332/207/1
f 337/158/1 334/211/1 333/210/1
f 299/212/1 297/209/1 300/208/1
f 337/158/1 335/213/1 334/211/1
f 337/158/1 336/214/1 335/213/1
f 298/215/1 297/209/1 299/212/1
f 424/288/1 426/289/1 425/290/1
f 423/291/1 426/289/1 424/288/1
f 423/291/1 427/226/1 426/289/1
f 422/292/1 427/226/1 423/291/1
f 422/292/1 428/293/1 427/226/1
f 421/294/1 428/293/1 422/292/1
f 421/294/1 429/295/1 428/293/1
f 420/296/1 429/295/1 421/294/1
f 420/296/1 430/297/1 429/295/1
f 419/298/1 430/297/1 420/296/1
f 419/298/1 431/299/1 430/297/1
f 418/300/1 431/299/1 419/298/1
f 418/300/1 432/301/1 431/299/1
f 417/302/1 432/301/1 418/300/1
f 417/302/1 433/303/1 432/301/1
f 416/304/1 433/303/1 417/302/1
f 416/304/1 434/305/1 433/303/1
f 415/306/1 434/305/1 416/304/1
f 415/306/1 435/307/1 434/305/1
f 414/308/1 435/307/1 415/306/1
f 414/308/1 436/309/1 435/307/1
f 413/310/1 436/309/1 414/308/1
f 413/310/1 437/311/1 436/309/1
f 412/312/1 437/311/1 413/310/1
f 412/312/1 438/313/1 437/311/1
f 411/314/1 438/313/1 412/312/1
f 411/314/1 439/315/1 438/313/1
f 411/314/1 440/316/1 439/315/1
f 410/317/1 440/316/1 411/314/1
f 410/317/1 441/318/1 440/316/1
f 409/319/1 441/318/1 410/317/1
f 409/319/1 442/320/1 441/318/1
f 408/321/1 473/322/1 409/319/1
f 473/322/1 442/320/1 409/319/1
f 473/322/1 472/323/1 442/320/1
f 472/323/1 443/324/1 442/320/1
f 408/321/1 474/325/1 473/322/1
f 408/321/1 475/326/1 474/325/1
f 471/327/1 443/324/1 472/323/1
f 408/321/1 476/328/1 475/326/1
f 407/329/1 476/328/1 408/321/1
f 407/329/1 477/330/1 476/328/1
f 470/331/1 443/324/1 471/327/1
f 407/329/1 478/332/1 477/330/1
f 407/329/1 479/333/1 478/332/1
f 469/334/1 443/324/1 470/331/1
f 407/329/1 480/335/1 479/333/1
f 407/329/1 481/336/1 480/335/1
f 468/337/1 443/324/1 469/334/1
f 407/329/1 482/338/1 481/336/1
f 468/337/1 444/339/1 443/324/1
f 406/340/1 482/338/1 407/329/1
f 406/340/1 483/341/1 482/338/1
f 467/342/1 444/339/1 468/337/1
f 406/340/1 484/343/1 483/341/1
f 406/340/1 485/344/1 484/343/1
f 466/345/1 444/339/1 467/342/1
f 466/345/1 445/346/1 444/339/1
f 406/340/1 486/347/1 485/344/1
f 405/348/1 486/347/1 406/340/1
f 405/348/1 487/349/1 486/347/1
f 465/350/1 445/346/1 466/345/1
f 405/348/1 488/351/1 487/349/1
f 465/350/1 446/352/1 445/346/1
f 405/348/1 489/227/1 488/351/1
f 404/353/1 489/227/1 405/348/1
f 464/354/1 446/352/1 465/350/1
f 404/353/1 490/355/1 489/227/1
f 404/353/1 491/356/1 490/355/1
f 464/354/1 447/357/1 446/352/1
f 463/358/1 447/357/1 464/354/1
f 403/359/1 491/356/1 404/353/1
f 403/359/1 492/360/1 491/356/1
f 403/359/1 493/361/1 492/360/1
f 463/358/1 448/362/1 447/357/1
f 462/363/1 448/362/1 463/358/1
f 403/359/1 494/364/1 493/361/1
f 402/365/1 494/364/1 403/359/1
f 402/365/1 495/366/1 494/364/1
f 462/363/1 449/367/1 448/362/1
f 461/368/1 449/367/1 462/363/1
f 402/365/1 496/369/1 495/366/1
f 401/370/1 496/369/1 402/365/1
f 401/370/1 497/371/1 496/369/1
f 461/368/1 450/372/1 449/367/1
f 520/81/1 450/372/1 461/368/1
f 401/370/1 498/373/1 497/371/1
f 400/374/1 498/373/1 401/370/1
f 520/81/1 451/375/1 450/372/1
f 519/376/1 451/375/1 520/81/1
f 400/374/1 499/377/1 498/373/1
f 399/378/1 499/377/1 400/374/1
f 519/376/1 452/379/1 451/375/1
f 518/380/1 452/379/1 519/376/1
f 399/378/1 500/381/1 499/377/1
f 398/382/1 500/381/1 399/378/1
f 518/380/1 453/383/1 452/379/1
f 517/384/1 453/383/1 518/380/1
f 398/382/1 501/385/1 500/381/1
f 397/386/1 501/385/1 398/382/1
f 517/384/1 454/387/1 453/383/1
f 516/388/1 454/387/1 517/384/1
f 397/386/1 502/389/1 501/385/1
f 396/229/1 502/389/1 397/386/1
f 515/390/1 454/387/1 516/388/1
f 396/229/1 503/391/1 502/389/1
f 515/390/1 455/392/1 454/387/1
f 395/393/1 503/391/1 396/229/1
f 514/394/1 455/392/1 515/390/1
f 395/393/1 504/395/1 503/391/1
f 513/396/1 455/392/1 514/394/1
f 513/396/1 456/397/1 455/392/1
f 395/393/1 505/398/1 504/395/1
f 394/399/1 505/398/1 395/393/1
f 512/400/1 456/397/1 513/396/1
f 394/399/1 506/401/1 505/398/1
f 511/402/1 456/397/1 512/400/1
f 394/399/1 507/403/1 506/401/1
f 511/402/1 457/404/1 456/397/1
f 510/405/1 457/404/1 511/402/1
f 394/399/1 508/406/1 507/403/1
f 509/407/1 457/404/1 510/405/1
f 394/399/1 509/407/1 508/406/1
f 393/408/1 509/407/1 394/399/1
f 393/408/1 457/404/1 509/407/1
f 393/408/1 458/228/1 457/404/1
f 392/409/1 458/228/1 393/408/1
f 392/409/1 459/410/1 458/228/1
f 391/411/1 459/410/1 392/409/1
f 391/411/1 460/412/1 459/410/1
f 390/413/1 460/412/1 391/411/1
f 390/413/1 365/84/1 460/412/1
f 389/414/1 365/84/1 390/413/1
f 389/414/1 366/415/1 365/84/1
f 388/416/1 366/415/1 389/414/1
f 388/416/1 367/417/1 366/415/1
f 387/418/1 367/417/1 388/416/1
f 387/418/1 368/419/1 367/417/1
f 386/420/1 368/419/1 387/418/1
f 386/420/1 369/421/1 368/419/1
f 385/422/1 369/421/1 386/420/1
f 385/422/1 370/423/1 369/421/1
f 384/424/1 370/423/1 385/422/1
f 384/424/1 371/425/1 370/423/1
f 383/426/1 371/425/1 384/424/1
f 383/426/1 372/427/1 371/425/1
f 382/428/1 372/427/1 383/426/1
f 382/428/1 373/429/1 372/427/1
f 381/430/1 373/429/1 382/428/1
f 381/430/1 374/431/1 373/429/1
f 380/432/1 374/431/1 381/430/1
f 380/432/1 375/433/1 374/431/1
f 379/434/1 375/433/1 380/432/1
f 379/434/1 376/435/1 375/433/1
f 378/436/1 376/435/1 379/434/1
f 378/436/1 377/437/1 376/435/1
f 575/219/1 577/438/1 576/439/1
f 575/219/1 578/440/1 577/438/1
f 575/219/1 579/441/1 578/440/1
f 575/219/1 580/442/1 579/441/1
f 575/219/1 581/218/1 580/442/1
f 574/443/1 581/218/1 575/219/1
f 574/443/1 582/444/1 581/218/1
f 574/443/1 583/445/1 582/444/1
f 574/443/1 584/446/1 583/445/1
f 574/443/1 585/447/1 584/446/1
f 573/448/1 585/447/1 574/443/1
f 573/448/1 586/449/1 585/447/1
f 573/448/1 587/81/1 586/449/1
f 573/448/1 521/84/1 587/81/1
f 572/450/1 521/84/1 573/448/1
f 560/451/1 562/452/1 561/453/1
f 560/451/1 564/454/1 562/452/1
f 564/454/1 565/22/1 562/452/1
f 565/22/1 566/455/1 562/452/1
f 566/455/1 563/222/1 562/452/1
f 572/450/1 522/456/1 521/84/1
f 571/457/1 522/456/1 572/450/1
f 570/458/1 522/456/1 571/457/1
f 569/223/1 522/456/1 570/458/1
f 568/459/1 522/456/1 569/223/1
f 567/460/1 522/456/1 568/459/1
f 566/455/1 522/456/1 567/460/1
f 563/222/1 523/461/1 566/455/1
f 523/461/1 522/456/1 566/455/1
f 564/454/1 524/462/1 563/222/1
f 524/462/1 523/461/1 563/222/1
f 560/451/1 548/463/1 564/454/1
f 548/463/1 547/464/1 564/454/1
f 547/464/1 546/465/1 564/454/1
f 546/465/1 545/221/1 564/454/1
f 545/221/1 544/466/1 564/454/1
f 544/466/1 543/127/1 564/454/1
f 543/127/1 542/467/1 564/454/1
f 542/467/1 541/468/1 564/454/1
f 541/468/1 540/469/1 564/454/1
f 540/469/1 539/220/1 564/454/1
f 539/220/1 538/470/1 564/454/1
f 538/470/1 537/471/1 564/454/1
f 537/471/1 536/472/1 564/454/1
f 536/472/1 535/473/1 564/454/1
f 535/473/1 534/474/1 564/454/1
f 534/474/1 533/217/1 564/454/1
f 533/217/1 532/475/1 564/454/1
f 532/475/1 531/476/1 564/454/1
f 531/476/1 530/477/1 564/454/1
f 530/477/1 529/478/1 564/454/1
f 529/478/1 528/479/1 564/454/1
f 528/479/1 527/216/1 564/454/1
f 527/216/1 526/480/1 564/454/1
f 526/480/1 525/481/1 564/454/1
f 525/481/1 524/462/1 564/454/1
f 560/451/1 549/482/1 548/463/1
f 560/451/1 550/483/1 549/482/1
f 560/451/1 551/224/1 550/483/1
f 560/451/1 552/484/1 551/224/1
f 560/451/1 553/485/1 552/484/1
f 560/451/1 554/205/1 553/485/1
f 560/451/1 555/486/1 554/205/1
f 560/451/1 556/487/1 555/486/1
f 560/451/1 557/225/1 556/487/1
f 560/451/1 558/488/1 557/225/1
f 560/451/1 559/489/1 558/488/1
f 596/490/1 590/491/1 597/81/1
f 590/491/1 588/84/1 597/81/1
f 590/491/1 589/492/1 588/84/1
f 596/490/1 591/127/1 590/491/1
f 596/490/1 594/22/1 591/127/1
f 594/22/1 592/493/1 591/127/1
f 594/22/1 593/494/1 592/493/1
f 596/490/1 595/495/1 594/22/1
f 684/1/3 685/3/3 686/2/3
f 684/1/3 686/2/3 687/4/3
f 683/5/3 684/1/3 687/4/3
f 683/5/3 687/4/3 688/6/3
f 682/7/3 683/5/3 688/6/3
f 682/7/3 688/6/3 689/8/3
f 681/9/3 682/7/3 689/8/3
f 681/9/3 689/8/3 690/10/3
f 680/11/3 681/9/3 690/10/3
f 680/11/3 690/10/3 691/12/3
f 679/13/3 680/11/3 691/12/3
f 679/13/3 691/12/3 692/14/3
f 678/15/3 679/13/3 692/14/3
f 678/15/3 692/14/3 693/16/3
f 677/17/3 678/15/3 693/16/3
f 677/17/3 693/16/3 694/18/3
f 676/19/3 677/17/3 694/18/3
f 676/19/3 694/18/3 695/20/3
f 675/21/3 676/19/3 695/20/3
f 675/21/3 695/20/3 696/22/3
f 674/23/3 675/21/3 696/22/3
f 674/23/3 696/22/3 697/24/3
f 673/25/3 674/23/3 697/24/3
f 673/25/3 697/24/3 698/26/3
f 672/27/3 673/25/3 698/26/3
f 672/27/3 698/26/3 699/28/3
f 671/29/3 672/27/3 699/28/3
f 671/29/3 699/28/3 700/30/3
f 670/31/3 671/29/3 700/30/3
f 670/31/3 700/30/3 701/32/3
f 669/33/3 670/31/3 701/32/3
f 669/33/3 701/32/3 722/34/3
f 722/34/3 701/32/3 702/35/3
f 669/33/3 722/34/3 723/36/3
f 721/37/3 722/34/3 702/35/3
f 669/33/3 723/36/3 724/38/3
f 720/39/3 721/37/3 702/35/3
f 669/33/3 724/38/3 725/40/3
f 669/33/3 725/40/3 726/41/3
f 719/42/3 720/39/3 702/35/3
f 669/33/3 726/41/3 727/43/3
f 668/44/3 669/33/3 727/43/3
f 668/44/3 727/43/3 728/45/3
f 719/42/3 702/35/3 703/46/3
f 718/47/3 719/42/3 703/46/3
f 668/44/3 728/45/3 729/48/3
f 668/44/3 729/48/3 730/49/3
f 717/50/3 718/47/3 703/46/3
f 668/44/3 730/49/3 731/51/3
f 668/44/3 731/51/3 732/52/3
f 716/53/3 717/50/3 703/46/3
f 668/44/3 732/52/3 733/54/3
f 667/55/3 668/44/3 733/54/3
f 716/53/3 703/46/3 704/56/3
f 667/55/3 733/54/3 734/57/3
f 715/58/3 716/53/3 704/56/3
f 667/55/3 734/57/3 735/59/3
f 714/60/3 715/58/3 704/56/3
f 667/55/3 735/59/3 736/61/3
f 667/55/3 736/61/3 737/62/3
f 714/60/3 704/56/3 705/63/3
f 666/64/3 667/55/3 737/62/3
f 713/65/3 714/60/3 705/63/3
f 666/64/3 737/62/3 738/66/3
f 666/64/3 738/66/3 739/67/3
f 712/68/3 713/65/3 705/63/3
f 666/64/3 739/67/3 740/69/3
f 712/68/3 705/63/3 706/70/3
f 665/71/3 666/64/3 740/69/3
f 665/71/3 740/69/3 741/72/3
f 665/71/3 741/72/3 742/73/3
f 711/74/3 712/68/3 706/70/3
f 665/71/3 742/73/3 743/75/3
f 711/74/3 706/70/3 707/76/3
f 664/77/3 665/71/3 743/75/3
f 664/77/3 743/75/3 709/78/3
f 709/78/3 743/75/3 744/79/3
f 710/80/3 711/74/3 707/76/3
f 664/77/3 709/78/3 745/81/3
f 744/79/3 709/78/3 710/80/3
f 744/79/3 710/80/3 707/76/3
f 745/81/3 744/79/3 707/76/3
f 745/81/3 707/76/3 708/82/3
f 664/77/3 745/81/3 708/82/3
f 663/83/3 664/77/3 708/82/3
f 663/83/3 708/82/3 598/84/3
f 662/85/3 663/83/3 598/84/3
f 662/85/3 598/84/3 599/86/3
f 661/87/3 662/85/3 599/86/3
f 660/88/3 661/87/3 599/86/3
f 659/89/3 660/88/3 599/86/3
f 658/90/3 659/89/3 600/91/3
f 600/91/3 659/89/3 599/86/3
f 658/90/3 600/91/3 601/92/3
f 658/90/3 601/92/3 602/93/3
f 657/94/3 658/90/3 602/93/3
f 657/94/3 602/93/3 603/95/3
f 656/96/3 657/94/3 603/95/3
f 656/96/3 603/95/3 604/97/3
f 623/98/3 624/100/3 625/99/3
f 656/96/3 604/97/3 605/101/3
f 655/102/3 656/96/3 605/101/3
f 655/102/3 605/101/3 606/103/3
f 622/104/3 623/98/3 625/99/3
f 621/105/3 622/104/3 625/99/3
f 655/102/3 606/103/3 607/106/3
f 654/107/3 655/102/3 607/106/3
f 620/108/3 621/105/3 625/99/3
f 654/107/3 607/106/3 608/109/3
f 619/110/3 620/108/3 625/99/3
f 618/111/3 619/110/3 625/99/3
f 654/107/3 608/109/3 609/112/3
f 617/113/3 618/111/3 625/99/3
f 616/114/3 617/113/3 625/99/3
f 654/107/3 609/112/3 610/115/3
f 653/116/3 654/107/3 610/115/3
f 615/117/3 616/114/3 625/99/3
f 653/116/3 610/115/3 611/118/3
f 614/119/3 615/117/3 625/99/3
f 613/120/3 614/119/3 625/99/3
f 653/116/3 611/118/3 612/121/3
f 612/121/3 613/120/3 625/99/3
f 653/116/3 612/121/3 625/99/3
f 652/122/3 653/116/3 625/99/3
f 651/123/3 652/122/3 625/99/3
f 650/124/3 651/123/3 625/99/3
f 649/125/3 650/124/3 625/99/3
f 648/126/3 649/125/3 625/99/3
f 647/127/3 648/126/3 625/99/3
f 646/128/3 647/127/3 625/99/3
f 646/128/3 625/99/3 626/129/3
f 645/130/3 646/128/3 626/129/3
f 645/130/3 626/129/3 627/131/3
f 644/132/3 645/130/3 627/131/3
f 644/132/3 627/131/3 628/133/3
f 643/134/3 644/132/3 628/133/3
f 643/134/3 628/133/3 629/135/3
f 642/136/3 643/134/3 629/135/3
f 642/136/3 629/135/3 630/137/3
f 642/136/3 630/137/3 631/138/3
f 641/139/3 642/136/3 631/138/3
f 641/139/3 631/138/3 632/140/3
f 640/141/3 641/139/3 632/140/3
f 640/141/3 632/140/3 633/142/3
f 639/143/3 640/141/3 633/142/3
f 639/143/3 633/142/3 634/144/3
f 639/143/3 634/144/3 635/145/3
f 638/146/3 639/143/3 635/145/3
f 638/146/3 635/145/3 636/147/3
f 637/148/3 638/146/3 636/147/3
f 802/149/3 803/151/3 804/150/3
f 801/152/3 802/149/3 804/150/3
f 801/152/3 804/150/3 805/153/3
f 800/154/3 801/152/3 805/153/3
f 799/155/3 800/154/3 805/153/3
f 799/155/3 805/153/3 806/156/3
f 798/157/3 799/155/3 806/156/3
f 787/158/3 788/160/3 789/159/3
f 787/158/3 789/159/3 791/161/3
f 791/161/3 789/159/3 792/162/3
f 792/162/3 789/159/3 793/163/3
f 793/163/3 789/159/3 790/164/3
f 798/157/3 806/156/3 807/165/3
f 797/166/3 798/157/3 807/165/3
f 796/167/3 797/166/3 807/165/3
f 796/167/3 807/165/3 808/168/3
f 795/169/3 796/167/3 808/168/3
f 795/169/3 808/168/3 809/170/3
f 794/171/3 795/169/3 809/170/3
f 793/163/3 794/171/3 809/170/3
f 793/163/3 809/170/3 810/172/3
f 790/164/3 793/163/3 810/172/3
f 790/164/3 810/172/3 811/173/3
f 787/158/3 791/161/3 790/164/3
f 787/158/3 790/164/3 776/174/3
f 776/174/3 790/164/3 775/175/3
f 775/175/3 790/164/3 774/176/3
f 774/176/3 790/164/3 773/177/3
f 773/177/3 790/164/3 772/178/3
f 772/178/3 790/164/3 771/179/3
f 771/179/3 790/164/3 770/180/3
f 770/180/3 790/164/3 769/181/3
f 769/181/3 790/164/3 768/182/3
f 768/182/3 790/164/3 767/183/3
f 767/183/3 790/164/3 766/184/3
f 766/184/3 790/164/3 765/185/3
f 765/185/3 790/164/3 764/186/3
f 764/186/3 790/164/3 811/173/3
f 764/186/3 811/173/3 763/187/3
f 763/187/3 811/173/3 762/188/3
f 762/188/3 811/173/3 812/189/3
f 762/188/3 812/189/3 761/190/3
f 761/190/3 812/189/3 813/191/3
f 760/192/3 761/190/3 813/191/3
f 759/193/3 760/192/3 813/191/3
f 758/194/3 759/193/3 813/191/3
f 757/195/3 758/194/3 813/191/3
f 757/195/3 813/191/3 814/81/3
f 756/196/3 757/195/3 814/81/3
f 755/197/3 756/196/3 814/81/3
f 754/198/3 755/197/3 814/81/3
f 753/199/3 754/198/3 814/81/3
f 787/158/4 776/174/4 777/200/4
f 753/199/3 814/81/3 746/84/3
f 752/201/3 753/199/3 746/84/3
f 787/158/3 777/200/3 778/202/3
f 787/158/3 778/202/3 779/203/3
f 751/204/3 752/201/3 746/84/3
f 787/158/3 779/203/3 780/205/3
f 787/158/3 780/205/3 781/206/3
f 787/158/3 781/206/3 782/207/3
f 750/208/3 751/204/3 746/84/3
f 750/208/3 746/84/3 747/209/3
f 787/158/3 782/207/3 783/210/3
f 787/158/3 783/210/3 784/211/3
f 749/212/3 750/208/3 747/209/3
f 787/158/3 784/211/3 785/213/3
f 787/158/3 785/213/3 786/214/3
f 748/215/3 749/212/3 747/209/3
f 826/81/3 815/84/3 816/216/3
f 826/81/3 816/216/3 817/217/3
f 825/218/1 826/81/1 817/217/1
f 824/219/3 825/218/3 818/220/3
f 818/220/1 825/218/1 817/217/1
f 824/219/3 818/220/3 819/221/3
f 822/222/3 823/223/3 824/219/3
f 822/222/3 824/219/3 819/221/3
f 822/222/3 819/221/3 820/224/3
f 822/222/3 820/224/3 821/225/3
f 829/226/3 830/228/3 831/227/3
f 829/226/3 831/227/3 832/81/3
f 829/226/3 832/81/3 827/84/3
f 829/226/3 827/84/3 828/229/3
f 863/230/3 864/232/3 865/231/3
f 862/233/3 863/230/3 865/231/3
f 860/234/3 861/235/3 862/233/3
f 860/234/3 862/233/3 865/231/3
f 860/234/3 865/231/3 866/236/3
f 860/234/3 866/236/3 867/237/3
f 859/238/1 860/234/1 867/237/1
f 858/239/3 859/238/3 868/240/3
f 868/240/1 859/238/1 867/237/1
f 858/239/3 868/240/3 869/241/3
f 858/239/3 869/241/3 870/242/3
f 858/239/3 870/242/3 871/243/3
f 858/239/3 871/243/3 872/244/3
f 857/245/3 858/239/3 872/244/3
f 857/245/3 872/244/3 873/246/3
f 857/245/3 873/246/3 874/247/3
f 892/81/3 833/84/3 834/248/3
f 857/245/3 874/247/3 875/249/3
f 857/245/3 875/249/3 876/250/3
f 891/251/3 892/81/3 834/248/3
f 857/245/3 876/250/3 877/252/3
f 856/253/3 857/245/3 877/252/3
f 890/254/3 891/251/3 834/248/3
f 889/255/3 890/254/3 834/248/3
f 856/253/3 877/252/3 878/256/3
f 888/257/3 889/255/3 834/248/3
f 887/258/3 888/257/3 834/248/3
f 856/253/3 878/256/3 879/259/3
f 886/260/3 887/258/3 834/248/3
f 885/261/3 886/260/3 834/248/3
f 856/253/3 879/259/3 880/262/3
f 884/263/3 885/261/3 834/248/3
f 883/264/3 884/263/3 834/248/3
f 856/253/3 880/262/3 881/265/3
f 882/266/3 883/264/3 834/248/3
f 881/265/3 882/266/3 834/248/3
f 856/253/3 881/265/3 834/248/3
f 855/267/3 856/253/3 834/248/3
f 854/268/3 855/267/3 834/248/3
f 853/269/3 854/268/3 834/248/3
f 852/270/3 853/269/3 834/248/3
f 851/271/3 852/270/3 834/248/3
f 850/272/3 851/271/3 834/248/3
f 850/272/3 834/248/3 835/273/3
f 849/274/3 850/272/3 835/273/3
f 849/274/3 835/273/3 836/275/3
f 849/274/3 836/275/3 837/276/3
f 848/277/3 849/274/3 837/276/3
f 848/277/3 837/276/3 838/278/3
f 848/277/3 838/278/3 839/279/3
f 848/277/3 839/279/3 840/280/3
f 847/281/3 848/277/3 840/280/3
f 847/281/3 840/280/3 841/282/3
f 847/281/3 841/282/3 842/283/3
f 847/281/3 842/283/3 843/284/3
f 846/285/3 847/281/3 843/284/3
f 846/285/3 843/284/3 844/286/3
f 846/285/3 844/286/3 845/287/3
f 949/149/3 950/151/3 951/150/3
f 948/152/3 949/149/3 951/150/3
f 948/152/3 951/150/3 952/153/3
f 947/154/3 948/152/3 952/153/3
f 946/155/3 947/154/3 952/153/3
f 946/155/3 952/153/3 953/156/3
f 945/157/3 946/155/3 953/156/3
f 934/158/3 935/160/3 936/159/3
f 934/158/3 936/159/3 938/161/3
f 938/161/3 936/159/3 939/162/3
f 939/162/3 936/159/3 940/163/3
f 940/163/3 936/159/3 937/164/3
f 945/157/3 953/156/3 954/165/3
f 944/166/3 945/157/3 954/165/3
f 943/167/3 944/166/3 954/165/3
f 943/167/3 954/165/3 955/168/3
f 942/169/3 943/167/3 955/168/3
f 942/169/3 955/168/3 956/170/3
f 941/171/3 942/169/3 956/170/3
f 940/163/3 941/171/3 956/170/3
f 940/163/3 956/170/3 957/172/3
f 937/164/3 940/163/3 957/172/3
f 937/164/3 957/172/3 958/173/3
f 934/158/3 938/161/3 937/164/3
f 934/158/3 937/164/3 923/174/3
f 923/174/3 937/164/3 922/175/3
f 922/175/3 937/164/3 921/176/3
f 921/176/3 937/164/3 920/177/3
f 920/177/3 937/164/3 919/178/3
f 919/178/3 937/164/3 918/179/3
f 918/179/3 937/164/3 917/180/3
f 917/180/3 937/164/3 916/181/3
f 916/181/3 937/164/3 915/182/3
f 915/182/3 937/164/3 914/183/3
f 914/183/3 937/164/3 913/184/3
f 913/184/3 937/164/3 912/185/3
f 912/185/3 937/164/3 911/186/3
f 911/186/3 937/164/3 958/173/3
f 911/186/5 958/173/5 910/187/5
f 910/187/3 958/173/3 909/188/3
f 909/188/3 958/173/3 959/189/3
f 909/188/3 959/189/3 908/190/3
f 908/190/3 959/189/3 960/191/3
f 907/192/3 908/190/3 960/191/3
f 906/193/3 907/192/3 960/191/3
f 905/194/3 906/193/3 960/191/3
f 904/195/3 905/194/3 960/191/3
f 904/195/3 960/191/3 961/81/3
f 903/196/3 904/195/3 961/81/3
f 902/197/3 903/196/3 961/81/3
f 901/198/3 902/197/3 961/81/3
f 900/199/3 901/198/3 961/81/3
f 934/158/3 923/174/3 924/200/3
f 900/199/3 961/81/3 893/84/3
f 899/201/3 900/199/3 893/84/3
f 934/158/3 924/200/3 925/202/3
f 934/158/3 925/202/3 926/203/3
f 898/204/3 899/201/3 893/84/3
f 934/158/3 926/203/3 927/205/3
f 934/158/3 927/205/3 928/206/3
f 934/158/3 928/206/3 929/207/3
f 897/208/3 898/204/3 893/84/3
f 897/208/3 893/84/3 894/209/3
f 934/158/3 929/207/3 930/210/3
f 934/158/3 930/210/3 931/211/3
f 896/212/3 897/208/3 894/209/3
f 934/158/3 931/211/3 932/213/3
f 934/158/3 932/213/3 933/214/3
f 895/215/3 896/212/3 894/209/3
f 1021/288/3 1022/290/3 1023/289/3
f 1020/291/3 1021/288/3 1023/289/3
f 1020/291/3 1023/289/3 1024/226/3
f 1019/292/3 1020/291/3 1024/226/3
f 1019/292/3 1024/226/3 1025/293/3
f 1018/294/3 1019/292/3 1025/293/3
f 1018/294/3 1025/293/3 1026/295/3
f 1017/296/3 1018/294/3 1026/295/3
f 1017/296/3 1026/295/3 1027/297/3
f 1016/298/3 1017/296/3 1027/297/3
f 1016/298/3 1027/297/3 1028/299/3
f 1015/300/3 1016/298/3 1028/299/3
f 1015/300/3 1028/299/3 1029/301/3
f 1014/302/3 1015/300/3 1029/301/3
f 1014/302/3 1029/301/3 1030/303/3
f 1013/304/3 1014/302/3 1030/303/3
f 1013/304/3 1030/303/3 1031/305/3
f 1012/306/3 1013/304/3 1031/305/3
f 1012/306/3 1031/305/3 1032/307/3
f 1011/308/3 1012/306/3 1032/307/3
f 1011/308/3 1032/307/3 1033/309/3
f 1010/310/3 1011/308/3 1033/309/3
f 1010/310/3 1033/309/3 1034/311/3
f 1009/312/3 1010/310/3 1034/311/3
f 1009/312/3 1034/311/3 1035/313/3
f 1008/314/3 1009/312/3 1035/313/3
f 1008/314/3 1035/313/3 1036/315/3
f 1008/314/3 1036/315/3 1037/316/3
f 1007/317/3 1008/314/3 1037/316/3
f 1007/317/3 1037/316/3 1038/318/3
f 1006/319/3 1007/317/3 1038/318/3
f 1006/319/3 1038/318/3 1039/320/3
f 1005/321/3 1006/319/3 1070/322/3
f 1070/322/3 1006/319/3 1039/320/3
f 1070/322/3 1039/320/3 1069/323/3
f 1069/323/3 1039/320/3 1040/324/3
f 1005/321/3 1070/322/3 1071/325/3
f 1005/321/3 1071/325/3 1072/326/3
f 1068/327/3 1069/323/3 1040/324/3
f 1005/321/3 1072/326/3 1073/328/3
f 1004/329/3 1005/321/3 1073/328/3
f 1004/329/3 1073/328/3 1074/330/3
f 1067/331/3 1068/327/3 1040/324/3
f 1004/329/3 1074/330/3 1075/332/3
f 1004/329/3 1075/332/3 1076/333/3
f 1066/334/3 1067/331/3 1040/324/3
f 1004/329/3 1076/333/3 1077/335/3
f 1004/329/3 1077/335/3 1078/336/3
f 1065/337/3 1066/334/3 1040/324/3
f 1004/329/3 1078/336/3 1079/338/3
f 1065/337/3 1040/324/3 1041/339/3
f 1003/340/3 1004/329/3 1079/338/3
f 1003/340/3 1079/338/3 1080/341/3
f 1064/342/3 1065/337/3 1041/339/3
f 1003/340/3 1080/341/3 1081/343/3
f 1003/340/3 1081/343/3 1082/344/3
f 1063/345/3 1064/342/3 1041/339/3
f 1063/345/3 1041/339/3 1042/346/3
f 1003/340/3 1082/344/3 1083/347/3
f 1002/348/3 1003/340/3 1083/347/3
f 1002/348/3 1083/347/3 1084/349/3
f 1062/350/3 1063/345/3 1042/346/3
f 1002/348/3 1084/349/3 1085/351/3
f 1062/350/3 1042/346/3 1043/352/3
f 1002/348/3 1085/351/3 1086/227/3
f 1001/353/3 1002/348/3 1086/227/3
f 1061/354/3 1062/350/3 1043/352/3
f 1001/353/3 1086/227/3 1087/355/3
f 1001/353/3 1087/355/3 1088/356/3
f 1061/354/3 1043/352/3 1044/357/3
f 1060/358/3 1061/354/3 1044/357/3
f 1000/359/3 1001/353/3 1088/356/3
f 1000/359/3 1088/356/3 1089/360/3
f 1000/359/3 1089/360/3 1090/361/3
f 1060/358/3 1044/357/3 1045/362/3
f 1059/363/3 1060/358/3 1045/362/3
f 1000/359/3 1090/361/3 1091/364/3
f 999/365/3 1000/359/3 1091/364/3
f 999/365/3 1091/364/3 1092/366/3
f 1059/363/3 1045/362/3 1046/367/3
f 1058/368/3 1059/363/3 1046/367/3
f 999/365/3 1092/366/3 1093/369/3
f 998/370/3 999/365/3 1093/369/3
f 998/370/3 1093/369/3 1094/371/3
f 1058/368/3 1046/367/3 1047/372/3
f 1117/81/3 1058/368/3 1047/372/3
f 998/370/3 1094/371/3 1095/373/3
f 997/374/3 998/370/3 1095/373/3
f 1117/81/3 1047/372/3 1048/375/3
f 1116/376/3 1117/81/3 1048/375/3
f 997/374/3 1095/373/3 1096/377/3
f 996/378/3 997/374/3 1096/377/3
f 1116/376/3 1048/375/3 1049/379/3
f 1115/380/3 1116/376/3 1049/379/3
f 996/378/3 1096/377/3 1097/381/3
f 995/382/3 996/378/3 1097/381/3
f 1115/380/3 1049/379/3 1050/383/3
f 1114/384/3 1115/380/3 1050/383/3
f 995/382/3 1097/381/3 1098/385/3
f 994/386/3 995/382/3 1098/385/3
f 1114/384/3 1050/383/3 1051/387/3
f 1113/388/3 1114/384/3 1051/387/3
f 994/386/3 1098/385/3 1099/389/3
f 993/229/3 994/386/3 1099/389/3
f 1112/390/3 1113/388/3 1051/387/3
f 993/229/3 1099/389/3 1100/391/3
f 1112/390/3 1051/387/3 1052/392/3
f 992/393/3 993/229/3 1100/391/3
f 1111/394/3 1112/390/3 1052/392/3
f 992/393/3 1100/391/3 1101/395/3
f 1110/396/3 1111/394/3 1052/392/3
f 1110/396/3 1052/392/3 1053/397/3
f 992/393/3 1101/395/3 1102/398/3
f 991/399/3 992/393/3 1102/398/3
f 1109/400/3 1110/396/3 1053/397/3
f 991/399/3 1102/398/3 1103/401/3
f 1108/402/3 1109/400/3 1053/397/3
f 991/399/3 1103/401/3 1104/403/3
f 1108/402/3 1053/397/3 1054/404/3
f 1107/405/3 1108/402/3 1054/404/3
f 991/399/3 1104/403/3 1105/406/3
f 1106/407/3 1107/405/3 1054/404/3
f 991/399/3 1105/406/3 1106/407/3
f 990/408/3 991/399/3 1106/407/3
f 990/408/3 1106/407/3 1054/404/3
f 990/408/3 1054/404/3 1055/228/3
f 989/409/3 990/408/3 1055/228/3
f 989/409/3 1055/228/3 1056/410/3
f 988/411/3 989/409/3 1056/410/3
f 988/411/3 1056/410/3 1057/412/3
f 987/413/3 988/411/3 1057/412/3
f 987/413/3 1057/412/3 962/84/3
f 986/414/3 987/413/3 962/84/3
f 986/414/3 962/84/3 963/415/3
f 985/416/3 986/414/3 963/415/3
f 985/416/3 963/415/3 964/417/3
f 984/418/3 985/416/3 964/417/3
f 984/418/3 964/417/3 965/419/3
f 983/420/3 984/418/3 965/419/3
f 983/420/3 965/419/3 966/421/3
f 982/422/3 983/420/3 966/421/3
f 982/422/3 966/421/3 967/423/3
f 981/424/3 982/422/3 967/423/3
f 981/424/3 967/423/3 968/425/3
f 980/426/3 981/424/3 968/425/3
f 980/426/3 968/425/3 969/427/3
f 979/428/3 980/426/3 969/427/3
f 979/428/3 969/427/3 970/429/3
f 978/430/3 979/428/3 970/429/3
f 978/430/3 970/429/3 971/431/3
f 977/432/3 978/430/3 971/431/3
f 977/432/3 971/431/3 972/433/3
f 976/434/3 977/432/3 972/433/3
f 976/434/3 972/433/3 973/435/3
f 975/436/3 976/434/3 973/435/3
f 975/436/3 973/435/3 974/437/3
f 1172/219/3 1173/439/3 1174/438/3
f 1172/219/3 1174/438/3 1175/440/3
f 1172/219/3 1175/440/3 1176/441/3
f 1172/219/3 1176/441/3 1177/442/3
f 1172/219/3 1177/442/3 1178/218/3
f 1171/443/3 1172/219/3 1178/218/3
f 1171/443/3 1178/218/3 1179/444/3
f 1171/443/3 1179/444/3 1180/445/3
f 1171/443/3 1180/445/3 1181/446/3
f 1171/443/3 1181/446/3 1182/447/3
f 1170/448/3 1171/443/3 1182/447/3
f 1170/448/3 1182/447/3 1183/449/3
f 1170/448/3 1183/449/3 1184/81/3
f 1170/448/3 1184/81/3 1118/84/3
f 1169/450/3 1170/448/3 1118/84/3
f 1157/451/3 1158/453/3 1159/452/3
f 1157/451/3 1159/452/3 1161/454/3
f 1161/454/3 1159/452/3 1162/22/3
f 1162/22/3 1159/452/3 1163/455/3
f 1163/455/3 1159/452/3 1160/222/3
f 1169/450/3 1118/84/3 1119/456/3
f 1168/457/3 1169/450/3 1119/456/3
f 1167/458/3 1168/457/3 1119/456/3
f 1166/223/3 1167/458/3 1119/456/3
f 1165/459/3 1166/223/3 1119/456/3
f 1164/460/3 1165/459/3 1119/456/3
f 1163/455/3 1164/460/3 1119/456/3
f 1160/222/3 1163/455/3 1120/461/3
f 1120/461/3 1163/455/3 1119/456/3
f 1161/454/3 1160/222/3 1121/462/3
f 1121/462/3 1160/222/3 1120/461/3
f 1157/451/3 1161/454/3 1145/463/3
f 1145/463/3 1161/454/3 1144/464/3
f 1144/464/3 1161/454/3 1143/465/3
f 1143/465/3 1161/454/3 1142/221/3
f 1142/221/3 1161/454/3 1141/466/3
f 1141/466/3 1161/454/3 1140/127/3
f 1140/127/3 1161/454/3 1139/467/3
f 1139/467/3 1161/454/3 1138/468/3
f 1138/468/3 1161/454/3 1137/469/3
f 1137/469/3 1161/454/3 1136/220/3
f 1136/220/3 1161/454/3 1135/470/3
f 1135/470/3 1161/454/3 1134/471/3
f 1134/471/3 1161/454/3 1133/472/3
f 1133/472/3 1161/454/3 1132/473/3
f 1132/473/3 1161/454/3 1131/474/3
f 1131/474/3 1161/454/3 1130/217/3
f 1130/217/3 1161/454/3 1129/475/3
f 1129/475/3 1161/454/3 1128/476/3
f 1128/476/3 1161/454/3 1127/477/3
f 1127/477/3 1161/454/3 1126/478/3
f 1126/478/3 1161/454/3 1125/479/3
f 1125/479/3 1161/454/3 1124/216/3
f 1124/216/3 1161/454/3 1123/480/3
f 1123/480/3 1161/454/3 1122/481/3
f 1122/481/3 1161/454/3 1121/462/3
f 1157/451/5 1145/463/5 1146/482/5
f 1157/451/3 1146/482/3 1147/483/3
f 1157/451/3 1147/483/3 1148/224/3
f 1157/451/3 1148/224/3 1149/484/3
f 1157/451/3 1149/484/3 1150/485/3
f 1157/451/3 1150/485/3 1151/205/3
f 1157/451/3 1151/205/3 1152/486/3
f 1157/451/3 1152/486/3 1153/487/3
f 1157/451/3 1153/487/3 1154/225/3
f 1157/451/3 1154/225/3 1155/488/3
f 1157/451/3 1155/488/3 1156/489/3
f 1193/490/3 1194/81/3 1187/491/3
f 1187/491/3 1194/81/3 1185/84/3
f 1187/491/3 1185/84/3 1186/492/3
f 1193/490/3 1187/491/3 1188/127/3
f 1193/490/3 1188/127/3 1191/22/3
f 1191/22/3 1188/127/3 1189/493/3
f 1191/22/3 1189/493/3 1190/494/3
f 1193/490/3 1191/22/3 1192/495/3
s 1
f 1196/496/6 1198/497/7 1197/498/7 1195/84/6
f 1198/497/7 1200/499/7 1199/229/7 1197/498/7
f 1200/499/7 1202/500/6 1201/501/6 1199/229/7
f 1202/500/6 1204/502/6 1203/226/6 1201/501/6
f 1204/502/6 1206/503/7 1205/205/7 1203/226/6
f 1206/503/7 1208/504/7 1207/228/7 1205/205/7
f 1208/504/7 1210/505/7 1209/506/7 1207/228/7
f 1210/505/7 1212/507/8 1211/227/8 1209/506/7
f 1212/507/8 1214/508/9 1213/509/9 1211/227/8
f 1214/508/9 1196/510/6 1195/81/6 1213/509/9
f 1216/496/10 1218/511/11 1217/512/11 1215/84/10
f 1218/511/11 1220/513/12 1219/514/12 1217/512/11
f 1220/513/12 1222/515/13 1221/516/13 1219/514/12
f 1222/515/13 1224/517/14 1223/518/14 1221/516/13
f 1224/517/14 1226/519/15 1225/520/15 1223/518/14
f 1226/519/15 1228/521/16 1227/522/16 1225/520/15
f 1228/521/16 1230/523/17 1229/524/17 1227/522/16
f 1230/523/17 1232/525/18 1231/526/18 1229/524/17
f 1232/525/18 1234/527/19 1233/528/19 1231/526/18
f 1234/527/19 1236/529/20 1235/530/20 1233/528/19
f 1236/529/20 1238/531/21 1237/532/21 1235/530/20
f 1238/531/21 1240/533/22 1239/534/22 1237/532/21
f 1240/533/22 1242/535/23 1241/536/23 1239/534/22
f 1242/535/23 1244/537/24 1243/538/24 1241/536/23
f 1244/537/24 1246/539/25 1245/540/25 1243/538/24
f 1246/539/25 1248/541/26 1247/542/26 1245/540/25
f 1248/541/26 1250/543/27 1249/544/27 1247/542/26
f 1250/543/27 1252/545/28 1251/546/28 1249/544/27
f 1252/545/28 1254/547/29 1253/548/29 1251/546/28
f 1254/547/29 1256/549/30 1255/550/30 1253/548/29
f 1256/549/30 1258/551/31 1257/552/31 1255/550/30
f 1258/551/31 1260/553/32 1259/554/32 1257/552/31
f 1260/553/32 1262/555/33 1261/556/33 1259/554/32
f 1262/555/33 1264/557/34 1263/558/34 1261/556/33
f 1264/557/34 1266/559/35 1265/560/35 1263/558/34
f 1266/559/35 1268/561/36 1267/562/36 1265/560/35
f 1268/561/36 1270/563/37 1269/564/37 1267/562/36
f 1270/563/37 1272/565/38 1271/566/38 1269/564/37
f 1272/565/38 1274/567/39 1273/568/39 1271/566/38
f 1274/567/39 1276/569/40 1275/570/40 1273/568/39
f 1276/569/40 1278/571/41 1277/572/41 1275/570/40
f 1278/571/41 1280/573/42 1279/574/42 1277/572/41
f 1280/573/42 1282/575/43 1281/576/43 1279/574/42
f 1282/575/43 1284/577/44 1283/578/44 1281/576/43
f 1284/577/44 1286/579/45 1285/580/45 1283/578/44
f 1286/579/45 1288/581/46 1287/582/46 1285/580/45
f 1288/581/46 1290/583/47 1289/584/47 1287/582/46
f 1290/583/47 1292/585/7 1291/586/7 1289/584/47
f 1292/585/7 1294/587/8 1293/588/8 1291/586/7
f 1294/587/8 1296/589/9 1295/590/9 1293/588/8
f 1296/589/9 1298/591/6 1297/592/6 1295/590/9
f 1298/591/6 1300/593/7 1299/594/7 1297/592/6
f 1300/593/7 1302/595/48 1301/596/48 1299/594/7
f 1302/595/48 1304/597/49 1303/598/49 1301/596/48
f 1304/597/49 1306/599/50 1305/600/50 1303/598/49
f 1306/599/50 1308/601/51 1307/602/51 1305/600/50
f 1308/601/51 1310/603/52 1309/604/52 1307/602/51
f 1310/603/52 1312/605/53 1311/606/53 1309/604/52
f 1312/605/53 1314/607/54 1313/608/54 1311/606/53
f 1314/607/54 1316/609/55 1315/610/55 1313/608/54
f 1316/609/55 1318/611/56 1317/612/56 1315/610/55
f 1318/611/56 1320/613/57 1319/614/57 1317/612/56
f 1320/613/57 1322/615/58 1321/616/58 1319/614/57
f 1322/615/58 1324/617/59 1323/618/59 1321/616/58
f 1324/617/59 1326/619/60 1325/620/60 1323/618/59
f 1326/619/60 1328/621/61 1327/622/61 1325/620/60
f 1328/621/61 1330/623/62 1329/624/62 1327/622/61
f 1330/623/62 1332/625/63 1331/626/63 1329/624/62
f 1332/625/63 1334/627/64 1333/628/64 1331/626/63
f 1334/627/64 1336/629/65 1335/630/65 1333/628/64
f 1336/629/65 1338/631/66 1337/632/66 1335/630/65
f 1338/631/66 1340/633/67 1339/634/67 1337/632/66
f 1340/633/67 1342/635/68 1341/636/68 1339/634/67
f 1342/635/68 1344/637/69 1343/638/69 1341/636/68
f 1344/637/69 1346/639/70 1345/640/70 1343/638/69
f 1346/639/70 1348/641/71 1347/642/71 1345/640/70
f 1348/641/71 1216/510/10 1215/81/10 1347/642/71
f 1350/496/72 1352/643/73 1351/644/73 1349/84/72
f 1352/643/73 1354/645/74 1353/646/74 1351/644/73
f 1354/645/74 1356/647/75 1355/648/75 1353/646/74
f 1356/647/75 1358/649/76 1357/650/76 1355/648/75
f 1358/649/76 1360/651/77 1359/652/77 1357/650/76
f 1360/651/77 1362/653/78 1361/654/78 1359/652/77
f 1362/653/78 1364/655/79 1363/656/79 1361/654/78
f 1364/655/79 1366/657/80 1365/658/80 1363/656/79
f 1366/657/80 1368/659/81 1367/660/81 1365/658/80
f 1368/659/81 1370/661/82 1369/662/82 1367/660/81
f 1370/661/82 1372/663/83 1371/664/83 1369/662/82
f 1372/663/83 1374/665/84 1373/666/84 1371/664/83
f 1374/665/84 1376/667/85 1375/668/85 1373/666/84
f 1376/667/85 1378/669/86 1377/670/86 1375/668/85
f 1378/669/86 1380/671/87 1379/672/87 1377/670/86
f 1380/671/87 1382/673/88 1381/475/88 1379/672/87
f 1382/673/88 1384/674/89 1383/675/89 1381/475/88
f 1384/674/89 1386/676/90 1385/677/90 1383/675/89
f 1386/676/90 1388/678/91 1387/679/91 1385/677/90
f 1388/678/91 1390/680/92 1389/681/92 1387/679/91
f 1390/680/92 1392/682/93 1391/683/93 1389/681/92
f 1392/682/93 1394/684/94 1393/685/94 1391/683/93
f 1394/684/94 1396/686/95 1395/687/95 1393/685/94
f 1396/686/95 1398/688/96 1397/187/96 1395/687/95
f 1398/688/96 1400/689/97 1399/690/97 1397/187/96
f 1400/689/97 1402/691/98 1401/692/98 1399/690/97
f 1402/691/98 1404/693/99 1403/694/99 1401/692/98
f 1404/693/99 1406/695/100 1405/696/100 1403/694/99
f 1406/695/100 1408/697/101 1407/698/101 1405/696/100
f 1408/697/101 1410/699/102 1409/700/102 1407/698/101
f 1410/699/102 1412/701/103 1411/702/103 1409/700/102
f 1412/701/103 1414/703/104 1413/127/104 1411/702/103
f 1414/703/104 1416/704/105 1415/705/105 1413/127/104
f 1416/704/105 1418/706/106 1417/707/106 1415/705/105
f 1418/706/106 1420/708/107 1419/709/107 1417/707/106
f 1420/708/107 1422/710/108 1421/711/108 1419/709/107
f 1422/710/108 1424/712/109 1423/713/109 1421/711/108
f 1424/712/109 1426/714/110 1425/715/110 1423/713/109
f 1426/714/110 1428/716/111 1427/717/111 1425/715/110
f 1428/716/111 1430/718/112 1429/719/112 1427/717/111
f 1430/718/112 1432/720/113 1431/721/113 1429/719/112
f 1432/720/113 1434/722/114 1433/723/114 1431/721/113
f 1434/722/114 1436/724/115 1435/725/115 1433/723/114
f 1436/724/115 1438/726/116 1437/727/116 1435/725/115
f 1438/726/116 1440/728/117 1439/729/117 1437/727/116
f 1440/728/117 1442/730/118 1441/731/118 1439/729/117
f 1442/730/118 1444/732/119 1443/733/119 1441/731/118
f 1444/732/119 1446/503/120 1445/205/120 1443/733/119
f 1446/503/120 1448/734/121 1447/735/121 1445/205/120
f 1448/734/121 1450/736/122 1449/737/122 1447/735/121
f 1450/736/122 1452/738/123 1451/739/123 1449/737/122
f 1452/738/123 1454/740/124 1453/741/124 1451/739/123
f 1454/740/124 1456/742/125 1455/743/125 1453/741/124
f 1456/742/125 1458/744/126 1457/745/126 1455/743/125
f 1458/744/126 1460/746/127 1459/747/127 1457/745/126
f 1460/746/127 1462/748/128 1461/749/128 1459/747/127
f 1462/748/128 1464/750/129 1463/751/129 1461/749/128
f 1464/750/129 1466/752/130 1465/753/130 1463/751/129
f 1466/752/130 1468/754/131 1467/755/131 1465/753/130
f 1468/754/131 1470/756/132 1469/757/132 1467/755/131
f 1470/756/132 1472/758/133 1471/759/133 1469/757/132
f 1472/758/133 1474/760/134 1473/761/134 1471/759/133
f 1474/760/134 1476/762/135 1475/763/135 1473/761/134
f 1476/762/135 1478/764/136 1477/22/136 1475/763/135
f 1478/764/136 1480/765/137 1479/766/137 1477/22/136
f 1480/765/137 1482/767/138 1481/768/138 1479/766/137
f 1482/767/138 1484/769/139 1483/770/139 1481/768/138
f 1484/769/139 1486/771/140 1485/772/140 1483/770/139
f 1486/771/140 1488/773/141 1487/774/141 1485/772/140
f 1488/773/141 1490/775/142 1489/776/142 1487/774/141
f 1490/775/142 1492/777/143 1491/778/143 1489/776/142
f 1492/777/143 1494/779/144 1493/166/144 1491/778/143
f 1494/779/144 1496/780/145 1495/781/145 1493/166/144
f 1496/780/145 1498/782/146 1497/783/146 1495/781/145
f 1498/782/146 1500/784/147 1499/785/147 1497/783/146
f 1500/784/147 1502/786/148 1501/787/148 1499/785/147
f 1502/786/148 1504/788/149 1503/789/149 1501/787/148
f 1504/788/149 1506/790/150 1505/791/150 1503/789/149
f 1506/790/150 1508/792/151 1507/793/151 1505/791/150
f 1508/792/151 1510/794/152 1509/439/152 1507/793/151
f 1510/794/152 1512/795/153 1511/796/153 1509/439/152
f 1512/795/153 1514/797/154 1513/798/154 1511/796/153
f 1514/797/154 1516/799/155 1515/800/155 1513/798/154
f 1516/799/155 1518/801/156 1517/802/156 1515/800/155
f 1518/801/156 1520/803/157 1519/804/157 1517/802/156
f 1520/803/157 1522/805/158 1521/806/158 1519/804/157
f 1522/805/158 1524/807/159 1523/808/159 1521/806/158
f 1524/807/159 1526/809/160 1525/810/160 1523/808/159
f 1526/809/160 1528/811/161 1527/812/161 1525/810/160
f 1528/811/161 1530/813/162 1529/814/162 1527/812/161
f 1530/813/162 1532/815/163 1531/816/163 1529/814/162
f 1532/815/163 1534/817/164 1533/818/164 1531/816/163
f 1534/817/164 1536/819/165 1535/820/165 1533/818/164
f 1536/819/165 1538/821/166 1537/822/166 1535/820/165
f 1538/821/166 1540/823/167 1539/824/167 1537/822/166
f 1540/823/167 1350/510/72 1349/81/72 1539/824/167
f 1542/496/168 1544/825/169 1543/826/169 1541/84/168
f 1544/825/169 1546/827/170 1545/828/170 1543/826/169
f 1546/827/170 1548/829/171 1547/830/171 1545/828/170
f 1548/829/171 1550/831/172 1549/832/172 1547/830/171
f 1550/831/172 1552/657/173 1551/658/173 1549/832/172
f 1552/657/173 1554/497/174 1553/498/174 1551/658/173
f 1554/497/174 1556/833/175 1555/834/175 1553/498/174
f 1556/833/175 1558/835/176 1557/836/176 1555/834/175
f 1558/835/176 1560/837/177 1559/838/177 1557/836/176
f 1560/837/177 1562/673/178 1561/475/178 1559/838/177
f 1562/673/178 1564/839/179 1563/840/179 1561/475/178
f 1564/839/179 1566/499/180 1565/229/180 1563/840/179
f 1566/499/180 1568/841/181 1567/842/181 1565/229/180
f 1568/841/181 1570/843/182 1569/844/182 1567/842/181
f 1570/843/182 1572/688/183 1571/187/183 1569/844/182
f 1572/688/183 1574/845/184 1573/846/184 1571/187/183
f 1574/845/184 1576/847/185 1575/848/185 1573/846/184
f 1576/847/185 1578/500/186 1577/501/186 1575/848/185
f 1578/500/186 1580/849/187 1579/850/187 1577/501/186
f 1580/849/187 1582/703/188 1581/127/188 1579/850/187
f 1582/703/188 1584/851/189 1583/852/189 1581/127/188
f 1584/851/189 1586/853/190 1585/854/190 1583/852/189
f 1586/853/190 1588/855/191 1587/856/191 1585/854/190
f 1588/855/191 1590/502/192 1589/226/192 1587/856/191
f 1590/502/192 1592/718/193 1591/719/193 1589/226/192
f 1592/718/193 1594/857/194 1593/858/194 1591/719/193
f 1594/857/194 1596/859/195 1595/860/195 1593/858/194
f 1596/859/195 1598/861/196 1597/862/196 1595/860/195
f 1598/861/196 1600/863/197 1599/864/197 1597/862/196
f 1600/863/197 1602/503/198 1601/205/198 1599/864/197
f 1602/503/198 1604/865/199 1603/866/199 1601/205/198
f 1604/865/199 1606/867/200 1605/868/200 1603/866/199
f 1606/867/200 1608/869/201 1607/870/201 1605/868/200
f 1608/869/201 1610/871/202 1609/872/202 1607/870/201
f 1610/871/202 1612/748/203 1611/749/203 1609/872/202
f 1612/748/203 1614/504/204 1613/228/204 1611/749/203
f 1614/504/204 1616/873/205 1615/874/205 1613/228/204
f 1616/873/205 1618/875/206 1617/876/206 1615/874/205
f 1618/875/206 1620/877/207 1619/878/207 1617/876/206
f 1620/877/207 1622/764/208 1621/22/208 1619/878/207
f 1622/764/208 1624/879/209 1623/880/209 1621/22/208
f 1624/879/209 1626/505/210 1625/506/210 1623/880/209
f 1626/505/210 1628/881/211 1627/882/211 1625/506/210
f 1628/881/211 1630/883/212 1629/884/212 1627/882/211
f 1630/883/212 1632/779/213 1631/166/213 1629/884/212
f 1632/779/213 1634/885/214 1633/886/214 1631/166/213
f 1634/885/214 1636/887/215 1635/888/215 1633/886/214
f 1636/887/215 1638/507/216 1637/227/216 1635/888/215
f 1638/507/216 1640/889/217 1639/890/217 1637/227/216
f 1640/889/217 1642/794/218 1641/439/218 1639/890/217
f 1642/794/218 1644/891/219 1643/892/219 1641/439/218
f 1644/891/219 1646/893/220 1645/894/220 1643/892/219
f 1646/893/220 1648/895/221 1647/896/221 1645/894/220
f 1648/895/221 1650/508/222 1649/509/222 1647/896/221
f 1650/508/222 1652/809/223 1651/810/223 1649/509/222
f 1652/809/223 1654/897/224 1653/898/224 1651/810/223
f 1654/897/224 1656/899/225 1655/900/225 1653/898/224
f 1656/899/225 1658/901/226 1657/902/226 1655/900/225
f 1658/901/226 1660/903/227 1659/904/227 1657/902/226
f 1660/903/227 1542/510/168 1541/81/168 1659/904/227
f 1662/496/228 1664/905/7 1663/906/7 1661/84/228
f 1664/905/7 1666/907/8 1665/908/8 1663/906/7
f 1666/907/8 1668/909/229 1667/910/229 1665/908/8
f 1668/909/229 1670/911/230 1669/912/230 1667/910/229
f 1670/911/230 1672/913/231 1671/914/231 1669/912/230
f 1672/913/231 1674/915/232 1673/916/232 1671/914/231
f 1674/915/232 1676/917/233 1675/918/233 1673/916/232
f 1676/917/233 1678/919/234 1677/920/234 1675/918/233
f 1678/919/234 1680/921/235 1679/922/235 1677/920/234
f 1680/921/235 1682/923/236 1681/924/236 1679/922/235
f 1682/923/236 1684/925/237 1683/926/237 1681/924/236
f 1684/925/237 1686/927/238 1685/928/238 1683/926/237
f 1686/927/238 1688/929/239 1687/930/239 1685/928/238
f 1688/929/239 1690/931/240 1689/932/240 1687/930/239
f 1690/931/240 1692/933/241 1691/934/241 1689/932/240
f 1692/933/241 1694/935/242 1693/936/242 1691/934/241
f 1694/935/242 1696/937/243 1695/938/243 1693/936/242
f 1696/937/243 1698/939/244 1697/940/244 1695/938/243
f 1698/939/244 1700/941/245 1699/942/245 1697/940/244
f 1700/941/245 1702/943/246 1701/944/246 1699/942/245
f 1702/943/246 1704/945/247 1703/946/247 1701/944/246
f 1704/945/247 1706/947/248 1705/948/248 1703/946/247
f 1706/947/248 1708/703/249 1707/127/249 1705/948/248
f 1708/703/249 1710/949/250 1709/950/250 1707/127/249
f 1710/949/250 1712/951/251 1711/952/251 1709/950/250
f 1712/951/251 1714/953/252 1713/954/252 1711/952/251
f 1714/953/252 1716/955/253 1715/956/253 1713/954/252
f 1716/955/253 1718/957/254 1717/958/254 1715/956/253
f 1718/957/254 1720/959/255 1719/960/255 1717/958/254
f 1720/959/255 1722/961/256 1721/962/256 1719/960/255
f 1722/961/256 1724/963/257 1723/964/257 1721/962/256
f 1724/963/257 1726/965/258 1725/966/258 1723/964/257
f 1726/965/258 1728/967/259 1727/968/259 1725/966/258
f 1728/967/259 1730/969/260 1729/970/260 1727/968/259
f 1730/969/260 1732/971/261 1731/972/261 1729/970/260
f 1732/971/261 1734/973/262 1733/974/262 1731/972/261
f 1734/973/262 1736/975/263 1735/976/263 1733/974/262
f 1736/975/263 1738/977/264 1737/978/264 1735/976/263
f 1738/977/264 1740/979/265 1739/980/265 1737/978/264
f 1740/979/265 1742/981/7 1741/982/7 1739/980/265
f 1742/981/7 1744/983/8 1743/984/8 1741/982/7
f 1744/983/8 1746/985/9 1745/986/9 1743/984/8
f 1746/985/9 1748/987/6 1747/988/6 1745/986/9
f 1748/987/6 1750/989/7 1749/990/7 1747/988/6
f 1750/989/7 1752/991/266 1751/992/266 1749/990/7
f 1752/991/266 1754/764/267 1753/22/267 1751/992/266
f 1754/764/267 1756/993/268 1755/994/268 1753/22/267
f 1756/993/268 1758/995/269 1757/996/269 1755/994/268
f 1758/995/269 1760/997/270 1759/998/270 1757/996/269
f 1760/997/270 1762/999/271 1761/1000/271 1759/998/270
f 1762/999/271 1764/1001/272 1763/1002/272 1761/1000/271
f 1764/1001/272 1766/1003/273 1765/1004/273 1763/1002/272
f 1766/1003/273 1768/1005/274 1767/1006/274 1765/1004/273
f 1768/1005/274 1770/1007/275 1769/1008/275 1767/1006/274
f 1770/1007/275 1772/1009/276 1771/1010/276 1769/1008/275
f 1772/1009/276 1774/1011/277 1773/1012/277 1771/1010/276
f 1774/1011/277 1776/1013/278 1775/1014/278 1773/1012/277
f 1776/1013/278 1778/1015/279 1777/1016/279 1775/1014/278
f 1778/1015/279 1780/1017/280 1779/1018/280 1777/1016/279
f 1780/1017/280 1782/1019/281 1781/1020/281 1779/1018/280
f 1782/1019/281 1784/1021/282 1783/1022/282 1781/1020/281
f 1784/1021/282 1786/1023/283 1785/1024/283 1783/1022/282
f 1786/1023/283 1788/1025/284 1787/1026/284 1785/1024/283
f 1788/1025/284 1790/1027/285 1789/1028/285 1787/1026/284
f 1790/1027/285 1792/1029/286 1791/1030/286 1789/1028/285
f 1792/1029/286 1794/1031/287 1793/1032/287 1791/1030/286
f 1794/1031/287 1796/1033/288 1795/1034/288 1793/1032/287
f 1796/1033/288 1798/1035/289 1797/1036/289 1795/1034/288
f 1798/1035/289 1662/510/228 1661/81/228 1797/1036/289
f 1800/496/290 1802/825/291 1801/826/291 1799/84/290
f 1802/825/291 1804/827/292 1803/828/292 1801/826/291
f 1804/827/292 1806/829/293 1805/830/293 1803/828/292
f 1806/829/293 1808/831/294 1807/832/294 1805/830/293
f 1808/831/294 1810/657/295 1809/658/295 1807/832/294
f 1810/657/295 1812/497/296 1811/498/296 1809/658/295
f 1812/497/296 1814/833/297 1813/834/297 1811/498/296
f 1814/833/297 1816/835/298 1815/836/298 1813/834/297
f 1816/835/298 1818/837/299 1817/838/299 1815/836/298
f 1818/837/299 1820/673/300 1819/475/300 1817/838/299
f 1820/673/300 1822/839/301 1821/840/301 1819/475/300
f 1822/839/301 1824/499/302 1823/229/302 1821/840/301
f 1824/499/302 1826/841/303 1825/842/303 1823/229/302
f 1826/841/303 1828/843/304 1827/844/304 1825/842/303
f 1828/843/304 1830/688/305 1829/187/305 1827/844/304
f 1830/688/305 1832/845/306 1831/846/306 1829/187/305
f 1832/845/306 1834/847/307 1833/848/307 1831/846/306
f 1834/847/307 1836/500/308 1835/501/308 1833/848/307
f 1836/500/308 1838/849/309 1837/850/309 1835/501/308
f 1838/849/309 1840/703/310 1839/127/310 1837/850/309
f 1840/703/310 1842/851/311 1841/852/311 1839/127/310
f 1842/851/311 1844/853/312 1843/854/312 1841/852/311
f 1844/853/312 1846/855/313 1845/856/313 1843/854/312
f 1846/855/313 1848/502/314 1847/226/314 1845/856/313
f 1848/502/314 1850/718/315 1849/719/315 1847/226/314
f 1850/718/315 1852/857/8 1851/858/8 1849/719/315
f 1852/857/8 1854/859/8 1853/860/8 1851/858/8
f 1854/859/8 1856/861/9 1855/862/9 1853/860/8
f 1856/861/9 1858/863/9 1857/864/9 1855/862/9
f 1858/863/9 1860/503/316 1859/205/316 1857/864/9
f 1860/503/316 1862/865/317 1861/866/317 1859/205/316
f 1862/865/317 1864/867/6 1863/868/6 1861/866/317
f 1864/867/6 1866/869/6 1865/870/6 1863/868/6
f 1866/869/6 1868/871/7 1867/872/7 1865/870/6
f 1868/871/7 1870/748/7 1869/749/7 1867/872/7
f 1870/748/7 1872/504/318 1871/228/318 1869/749/7
f 1872/504/318 1874/873/319 1873/874/319 1871/228/318
f 1874/873/319 1876/875/320 1875/876/320 1873/874/319
f 1876/875/320 1878/877/321 1877/878/321 1875/876/320
f 1878/877/321 1880/764/322 1879/22/322 1877/878/321
f 1880/764/322 1882/879/323 1881/880/323 1879/22/322
f 1882/879/323 1884/505/324 1883/506/324 1881/880/323
f 1884/505/324 1886/881/325 1885/882/325 1883/506/324
f 1886/881/325 1888/883/326 1887/884/326 1885/882/325
f 1888/883/326 1890/779/327 1889/166/327 1887/884/326
f 1890/779/327 1892/885/328 1891/886/328 1889/166/327
f 1892/885/328 1894/887/329 1893/888/329 1891/886/328
f 1894/887/329 1896/507/330 1895/227/330 1893/888/329
f 1896/507/330 1898/889/331 1897/890/331 1895/227/330
f 1898/889/331 1900/794/332 1899/439/332 1897/890/331
f 1900/794/332 1902/891/333 1901/892/333 1899/439/332
f 1902/891/333 1904/893/334 1903/894/334 1901/892/333
f 1904/893/334 1906/895/335 1905/896/335 1903/894/334
f 1906/895/335 1908/508/336 1907/509/336 1905/896/335
f 1908/508/336 1910/809/337 1909/810/337 1907/509/336
f 1910/809/337 1912/897/338 1911/898/338 1909/810/337
f 1912/897/338 1914/899/339 1913/900/339 1911/898/338
f 1914/899/339 1916/901/340 1915/902/340 1913/900/339
f 1916/901/340 1918/903/341 1917/904/341 1915/902/340
f 1918/903/341 1800/510/290 1799/81/290 1917/904/341
f 1920/496/6 1922/673/7 1921/475/7 1919/84/6
f 1922/673/7 1924/703/8 1923/127/8 1921/475/7
f 1924/703/8 1926/503/9 1925/205/9 1923/127/8
f 1926/503/9 1928/764/6 1927/22/6 1925/205/9
f 1928/764/6 1930/794/6 1929/439/6 1927/22/6
f 1930/794/6 1920/510/6 1919/81/6 1929/439/6
f 1932/496/9 1934/657/6 1933/658/6 1931/84/9
f 1934/657/6 1936/673/7 1935/475/7 1933/658/6
f 1936/673/7 1938/688/7 1937/187/7 1935/475/7
f 1938/688/7 1940/703/6 1939/127/6 1937/187/7
f 1940/703/6 1942/718/6 1941/719/6 1939/127/6
f 1942/718/6 1944/503/7 1943/205/7 1941/719/6
f 1944/503/7 1946/748/8 1945/749/8 1943/205/7
f 1946/748/8 1948/764/9 1947/22/9 1945/749/8
f 1948/764/9 1950/779/9 1949/166/9 1947/22/9
f 1950/779/9 1952/794/8 1951/439/8 1949/166/9
f 1952/794/8 1954/809/8 1953/810/8 1951/439/8
f 1954/809/8 1932/510/9 1931/81/9 1953/810/8
f 1956/496/228 1958/905/7 1957/906/7 1955/84/228
f 1958/905/7 1960/907/8 1959/908/8 1957/906/7
f 1960/907/8 1962/909/229 1961/910/229 1959/908/8
f 1962/909/229 1964/911/230 1963/912/230 1961/910/229
f 1964/911/230 1966/913/231 1965/914/231 1963/912/230
f 1966/913/231 1968/915/232 1967/916/232 1965/914/231
f 1968/915/232 1970/917/233 1969/918/233 1967/916/232
f 1970/917/233 1972/919/234 1971/920/234 1969/918/233
f 1972/919/234 1974/921/235 1973/922/235 1971/920/234
f 1974/921/235 1976/923/236 1975/924/236 1973/922/235
f 1976/923/236 1978/925/237 1977/926/237 1975/924/236
f 1978/925/237 1980/927/238 1979/928/238 1977/926/237
f 1980/927/238 1982/929/239 1981/930/239 1979/928/238
f 1982/929/239 1984/931/240 1983/932/240 1981/930/239
f 1984/931/240 1986/933/241 1985/934/241 1983/932/240
f 1986/933/241 1988/935/242 1987/936/242 1985/934/241
f 1988/935/242 1990/937/243 1989/938/243 1987/936/242
f 1990/937/243 1992/939/244 1991/940/244 1989/938/243
f 1992/939/244 1994/941/245 1993/942/245 1991/940/244
f 1994/941/245 1996/943/246 1995/944/246 1993/942/245
f 1996/943/246 1998/945/247 1997/946/247 1995/944/246
f 1998/945/247 2000/947/248 1999/948/248 1997/946/247
f 2000/947/248 2002/703/249 2001/127/249 1999/948/248
f 2002/703/249 2004/949/250 2003/950/250 2001/127/249
f 2004/949/250 2006/951/251 2005/952/251 2003/950/250
f 2006/951/251 2008/953/252 2007/954/252 2005/952/251
f 2008/953/252 2010/955/253 2009/956/253 2007/954/252
f 2010/955/253 2012/957/254 2011/958/254 2009/956/253
f 2012/957/254 2014/959/255 2013/960/255 2011/958/254
f 2014/959/255 2016/961/256 2015/962/256 2013/960/255
f 2016/961/256 2018/963/257 2017/964/257 2015/962/256
f 2018/963/257 2020/965/258 2019/966/258 2017/964/257
f 2020/965/258 2022/967/259 2021/968/259 2019/966/258
f 2022/967/259 2024/969/260 2023/970/260 2021/968/259
f 2024/969/260 2026/971/261 2025/972/261 2023/970/260
f 2026/971/261 2028/973/262 2027/974/262 2025/972/261
f 2028/973/262 2030/975/263 2029/976/263 2027/974/262
f 2030/975/263 2032/977/264 2031/978/264 2029/976/263
f 2032/977/264 2034/979/265 2033/980/265 2031/978/264
f 2034/979/265 2036/981/7 2035/982/7 2033/980/265
f 2036/981/7 2038/983/8 2037/984/8 2035/982/7
f 2038/983/8 2040/985/9 2039/986/9 2037/984/8
f 2040/985/9 2042/987/6 2041/988/6 2039/986/9
f 2042/987/6 2044/989/7 2043/990/7 2041/988/6
f 2044/989/7 2046/991/266 2045/992/266 2043/990/7
f 2046/991/266 2048/764/267 2047/22/267 2045/992/266
f 2048/764/267 2050/993/268 2049/994/268 2047/22/267
f 2050/993/268 2052/995/269 2051/996/269 2049/994/268
f 2052/995/269 2054/997/270 2053/998/270 2051/996/269
f 2054/997/270 2056/999/271 2055/1000/271 2053/998/270
f 2056/999/271 2058/1001/342 2057/1002/342 2055/1000/271
f 2058/1001/342 2060/1003/273 2059/1004/273 2057/1002/342
f 2060/1003/273 2062/1005/274 2061/1006/274 2059/1004/273
f 2062/1005/274 2064/1007/275 2063/1008/275 2061/1006/274
f 2064/1007/275 2066/1009/276 2065/1010/276 2063/1008/275
f 2066/1009/276 2068/1011/277 2067/1012/277 2065/1010/276
f 2068/1011/277 2070/1013/278 2069/1014/278 2067/1012/277
f 2070/1013/278 2072/1015/279 2071/1016/279 2069/1014/278
f 2072/1015/279 2074/1017/280 2073/1018/280 2071/1016/279
f 2074/1017/280 2076/1019/281 2075/1020/281 2073/1018/280
f 2076/1019/281 2078/1021/282 2077/1022/282 2075/1020/281
f 2078/1021/282 2080/1023/283 2079/1024/283 2077/1022/282
f 2080/1023/283 2082/1025/284 2081/1026/284 2079/1024/283
f 2082/1025/284 2084/1027/285 2083/1028/285 2081/1026/284
f 2084/1027/285 2086/1029/286 2085/1030/286 2083/1028/285
f 2086/1029/286 2088/1031/287 2087/1032/287 2085/1030/286
f 2088/1031/287 2090/1033/288 2089/1034/288 2087/1032/287
f 2090/1033/288 2092/1035/289 2091/1036/289 2089/1034/288
f 2092/1035/289 1956/510/228 1955/81/228 2091/1036/289
f 2094/496/343 2096/1037/7 2095/1038/7 2093/84/343
f 2096/1037/7 2098/1039/344 2097/1040/344 2095/1038/7
f 2098/1039/344 2100/1041/345 2099/1042/345 2097/1040/344
f 2100/1041/345 2102/1043/346 2101/1044/346 2099/1042/345
f 2102/1043/346 2104/1045/347 2103/1046/347 2101/1044/346
f 2104/1045/347 2106/1047/348 2105/1048/348 2103/1046/347
f 2106/1047/348 2108/1049/349 2107/1050/349 2105/1048/348
f 2108/1049/349 2110/1051/350 2109/1052/350 2107/1050/349
f 2110/1051/350 2112/1053/351 2111/1054/351 2109/1052/350
f 2112/1053/351 2114/1055/352 2113/1056/352 2111/1054/351
f 2114/1055/352 2116/1057/353 2115/1058/353 2113/1056/352
f 2116/1057/353 2118/1059/354 2117/1060/354 2115/1058/353
f 2118/1059/354 2120/1061/355 2119/1062/355 2117/1060/354
f 2120/1061/355 2122/1063/356 2121/1064/356 2119/1062/355
f 2122/1063/356 2124/1065/357 2123/1066/357 2121/1064/356
f 2124/1065/357 2126/1067/358 2125/1068/358 2123/1066/357
f 2126/1067/358 2128/1069/359 2127/1070/359 2125/1068/358
f 2128/1069/359 2130/1071/360 2129/1072/360 2127/1070/359
f 2130/1071/360 2132/1073/361 2131/1074/361 2129/1072/360
f 2132/1073/361 2134/1075/362 2133/1076/362 2131/1074/361
f 2134/1075/362 2136/1077/363 2135/1078/363 2133/1076/362
f 2136/1077/363 2138/1079/364 2137/1080/364 2135/1078/363
f 2138/1079/364 2140/1081/365 2139/1082/365 2137/1080/364
f 2140/1081/365 2142/1083/366 2141/1084/366 2139/1082/365
f 2142/1083/366 2144/1085/367 2143/1086/367 2141/1084/366
f 2144/1085/367 2146/1087/368 2145/1088/368 2143/1086/367
f 2146/1087/368 2148/1089/369 2147/1090/369 2145/1088/368
f 2148/1089/369 2150/1091/370 2149/1092/370 2147/1090/369
f 2150/1091/370 2152/1093/371 2151/1094/371 2149/1092/370
f 2152/1093/371 2154/1095/372 2153/1096/372 2151/1094/371
f 2154/1095/372 2156/1097/373 2155/1098/373 2153/1096/372
f 2156/1097/373 2158/1099/374 2157/1100/374 2155/1098/373
f 2158/1099/374 2160/1101/375 2159/1102/375 2157/1100/374
f 2160/1101/375 2162/1103/376 2161/1104/376 2159/1102/375
f 2162/1103/376 2164/1105/377 2163/1106/377 2161/1104/376
f 2164/1105/377 2166/1107/378 2165/1108/378 2163/1106/377
f 2166/1107/378 2168/703/379 2167/127/379 2165/1108/378
f 2168/703/379 2170/1109/380 2169/1110/380 2167/127/379
f 2170/1109/380 2172/1111/381 2171/1112/381 2169/1110/380
f 2172/1111/381 2174/1113/382 2173/1114/382 2171/1112/381
f 2174/1113/382 2176/1115/383 2175/1116/383 2173/1114/382
f 2176/1115/383 2178/1117/384 2177/1118/384 2175/1116/383
f 2178/1117/384 2180/1119/385 2179/1120/385 2177/1118/384
f 2180/1119/385 2182/1121/386 2181/1122/386 2179/1120/385
f 2182/1121/386 2184/1123/387 2183/1124/387 2181/1122/386
f 2184/1123/387 2186/1125/388 2185/1126/388 2183/1124/387
f 2186/1125/388 2188/1127/389 2187/1128/389 2185/1126/388
f 2188/1127/389 2190/1129/390 2189/1130/390 2187/1128/389
f 2190/1129/390 2192/1131/391 2191/1132/391 2189/1130/390
f 2192/1131/391 2194/1133/392 2193/1134/392 2191/1132/391
f 2194/1133/392 2196/1135/393 2195/1136/393 2193/1134/392
f 2196/1135/393 2198/1137/394 2197/1138/394 2195/1136/393
f 2198/1137/394 2200/1139/395 2199/1140/395 2197/1138/394
f 2200/1139/395 2202/1141/396 2201/1142/396 2199/1140/395
f 2202/1141/396 2204/1143/397 2203/1144/397 2201/1142/396
f 2204/1143/397 2206/1145/398 2205/1146/398 2203/1144/397
f 2206/1145/398 2208/1147/399 2207/1148/399 2205/1146/398
f 2208/1147/399 2210/1149/400 2209/1150/400 2207/1148/399
f 2210/1149/400 2212/1151/401 2211/1152/401 2209/1150/400
f 2212/1151/401 2214/1153/402 2213/1154/402 2211/1152/401
f 2214/1153/402 2216/1155/403 2215/1156/403 2213/1154/402
f 2216/1155/403 2218/1157/404 2217/1158/404 2215/1156/403
f 2218/1157/404 2220/1159/405 2219/1160/405 2217/1158/404
f 2220/1159/405 2222/1161/406 2221/1162/406 2219/1160/405
f 2222/1161/406 2224/1163/407 2223/1164/407 2221/1162/406
f 2224/1163/407 2226/1165/408 2225/1166/408 2223/1164/407
f 2226/1165/408 2228/1167/409 2227/1168/409 2225/1166/408
f 2228/1167/409 2230/1169/410 2229/1170/410 2227/1168/409
f 2230/1169/410 2232/1171/411 2231/1172/411 2229/1170/410
f 2232/1171/411 2234/1173/412 2233/1174/412 2231/1172/411
f 2234/1173/412 2236/1175/413 2235/1176/413 2233/1174/412
f 2236/1175/413 2238/1177/414 2237/1178/414 2235/1176/413
f 2238/1177/414 2240/1179/415 2239/1180/415 2237/1178/414
f 2240/1179/415 2242/764/416 2241/22/416 2239/1180/415
f 2242/764/416 2244/1181/417 2243/1182/417 2241/22/416
f 2244/1181/417 2246/1183/418 2245/1184/418 2243/1182/417
f 2246/1183/418 2248/1185/419 2247/1186/419 2245/1184/418
f 2248/1185/419 2250/1187/420 2249/1188/420 2247/1186/419
f 2250/1187/420 2252/1189/421 2251/1190/421 2249/1188/420
f 2252/1189/421 2254/1191/422 2253/1192/422 2251/1190/421
f 2254/1191/422 2256/1193/423 2255/1194/423 2253/1192/422
f 2256/1193/423 2258/1195/424 2257/1196/424 2255/1194/423
f 2258/1195/424 2260/1197/425 2259/1198/425 2257/1196/424
f 2260/1197/425 2262/1199/426 2261/1200/426 2259/1198/425
f 2262/1199/426 2264/1201/427 2263/1202/427 2261/1200/426
f 2264/1201/427 2266/1203/428 2265/1204/428 2263/1202/427
f 2266/1203/428 2268/1205/429 2267/1206/429 2265/1204/428
f 2268/1205/429 2270/1207/430 2269/1208/430 2267/1206/429
f 2270/1207/430 2272/1209/431 2271/1210/431 2269/1208/430
f 2272/1209/431 2274/1211/432 2273/1212/432 2271/1210/431
f 2274/1211/432 2276/1213/433 2275/1214/433 2273/1212/432
f 2276/1213/433 2278/1215/434 2277/1216/434 2275/1214/433
f 2278/1215/434 2280/1217/435 2279/1218/435 2277/1216/434
f 2280/1217/435 2282/1219/436 2281/1220/436 2279/1218/435
f 2282/1219/436 2284/1221/437 2283/1222/437 2281/1220/436
f 2284/1221/437 2286/1223/438 2285/1224/438 2283/1222/437
f 2286/1223/438 2288/1225/439 2287/1226/439 2285/1224/438
f 2288/1225/439 2290/1227/440 2289/1228/440 2287/1226/439
f 2290/1227/440 2292/1229/441 2291/1230/441 2289/1228/440
f 2292/1229/441 2294/1231/442 2293/1232/442 2291/1230/441
f 2294/1231/442 2296/1233/443 2295/1234/443 2293/1232/442
f 2296/1233/443 2298/1235/444 2297/1236/444 2295/1234/443
f 2298/1235/444 2300/1237/445 2299/1238/445 2297/1236/444
f 2300/1237/445 2302/1239/446 2301/1240/446 2299/1238/445
f 2302/1239/446 2304/1241/447 2303/1242/447 2301/1240/446
f 2304/1241/447 2306/1243/207 2305/1244/207 2303/1242/447
f 2306/1243/207 2308/1245/448 2307/1246/448 2305/1244/207
f 2308/1245/448 2310/1247/449 2309/1248/449 2307/1246/448
f 2310/1247/449 2312/1249/450 2311/1250/450 2309/1248/449
f 2312/1249/450 2314/1251/451 2313/1252/451 2311/1250/450
f 2314/1251/451 2094/510/343 2093/81/343 2313/1252/451
f 2316/496/452 2318/1041/453 2317/1042/453 2315/84/452
f 2318/1041/453 2320/1047/454 2319/1048/454 2317/1042/453
f 2320/1047/454 2322/1053/455 2321/1054/455 2319/1048/454
f 2322/1053/455 2324/1059/456 2323/1060/456 2321/1054/455
f 2324/1059/456 2326/1065/457 2325/1066/457 2323/1060/456
f 2326/1065/457 2328/1071/458 2327/1072/458 2325/1066/457
f 2328/1071/458 2330/1077/459 2329/1078/459 2327/1072/458
f 2330/1077/459 2332/1083/460 2331/1084/460 2329/1078/459
f 2332/1083/460 2334/1089/93 2333/1090/93 2331/1084/460
f 2334/1089/93 2336/1095/461 2335/1096/461 2333/1090/93
f 2336/1095/461 2338/1101/462 2337/1102/462 2335/1096/461
f 2338/1101/462 2340/1107/463 2339/1108/463 2337/1102/462
f 2340/1107/463 2342/1111/464 2341/1112/464 2339/1108/463
f 2342/1111/464 2344/1117/465 2343/1118/465 2341/1112/464
f 2344/1117/465 2346/1123/466 2345/1124/466 2343/1118/465
f 2346/1123/466 2348/1129/467 2347/1130/467 2345/1124/466
f 2348/1129/467 2350/1135/468 2349/1136/468 2347/1130/467
f 2350/1135/468 2352/1141/469 2351/1142/469 2349/1136/468
f 2352/1141/469 2354/1147/470 2353/1148/470 2351/1142/469
f 2354/1147/470 2356/1153/471 2355/1154/471 2353/1148/470
f 2356/1153/471 2358/1159/472 2357/1160/472 2355/1154/471
f 2358/1159/472 2360/1165/473 2359/1166/473 2357/1160/472
f 2360/1165/473 2362/1171/474 2361/1172/474 2359/1166/473
f 2362/1171/474 2364/1177/475 2363/1178/475 2361/1172/474
f 2364/1177/475 2366/1181/476 2365/1182/476 2363/1178/475
f 2366/1181/476 2368/1187/477 2367/1188/477 2365/1182/476
f 2368/1187/477 2370/1193/478 2369/1194/478 2367/1188/477
f 2370/1193/478 2372/1199/479 2371/1200/479 2369/1194/478
f 2372/1199/479 2374/1205/480 2373/1206/480 2371/1200/479
f 2374/1205/480 2376/1211/481 2375/1212/481 2373/1206/480
f 2376/1211/481 2378/1217/482 2377/1218/482 2375/1212/481
f 2378/1217/482 2380/1223/483 2379/1224/483 2377/1218/482
f 2380/1223/483 2382/1229/484 2381/1230/484 2379/1224/483
f 2382/1229/484 2384/1235/485 2383/1236/485 2381/1230/484
f 2384/1235/485 2386/1241/486 2385/1242/486 2383/1236/485
f 2386/1241/486 2388/1247/487 2387/1248/487 2385/1242/486
f 2388/1247/487 2316/510/452 2315/81/452 2387/1248/487
